pc_time,num_people,presence,auto_label,posture,zone,distance,moving,speed_px_s,motion_score,bbox
1782404953.063962,1,1,still,unknown,center,near,0,0.0,0.00,116 3 574 478
1782404953.291409,1,1,still,unknown,center,near,0,1.3,1.74,116 4 574 478
1782404953.344781,1,1,still,unknown,center,near,0,3.7,4.56,119 2 575 478
1782404953.387903,1,1,still,unknown,center,near,0,5.6,0.56,120 2 575 478
1782404953.430849,1,1,still,unknown,center,near,0,6.7,0.54,121 2 576 478
1782404953.477469,1,1,still,unknown,center,near,0,6.5,0.76,120 2 575 478
1782404953.528330,1,1,still,unknown,center,near,0,6.4,0.53,121 2 576 478
1782404953.572671,1,1,still,unknown,center,near,0,6.5,0.70,121 2 576 478
1782404953.617093,1,1,still,unknown,center,near,0,9.1,0.53,121 2 576 478
1782404953.661231,1,1,still,unknown,center,near,0,7.3,0.69,121 2 576 478
1782404953.711370,1,1,still,unknown,center,near,0,5.6,0.54,122 2 576 478
1782404953.754650,1,1,still,unknown,center,near,0,4.4,0.58,122 2 576 478
1782404953.800765,1,1,still,unknown,center,near,0,4.2,0.61,122 2 576 478
1782404953.845368,1,1,still,unknown,center,near,0,2.7,1.07,121 2 576 478
1782404953.887664,1,1,still,unknown,center,near,0,1.8,0.79,121 2 576 478
1782404953.931019,1,1,still,unknown,center,near,0,3.8,0.90,117 2 576 478
1782404953.970647,1,1,still,unknown,center,near,0,11.3,2.10,110 2 576 477
1782404954.014512,1,1,still,unknown,center,near,0,20.9,1.86,104 2 576 478
1782404954.058450,1,1,still,unknown,center,near,0,28.6,1.53,99 3 577 477
1782404954.099877,1,1,still,unknown,center,near,0,39.4,2.79,92 3 577 477
1782404954.147804,1,1,still,unknown,center,near,0,46.4,1.23,88 3 577 477
1782404954.188180,1,1,still,unknown,center,near,0,51.1,1.38,88 3 576 476
1782404954.228448,1,1,still,unknown,center,near,0,50.2,2.02,90 3 574 477
1782404954.269957,1,1,still,unknown,center,near,0,40.1,3.42,97 3 571 478
1782404954.309976,1,1,still,unknown,center,near,0,27.9,2.12,100 2 571 479
1782404954.352358,1,1,still,unknown,center,near,0,15.7,2.14,105 3 569 478
1782404954.393603,1,1,still,unknown,center,near,0,15.2,2.20,108 2 568 478
1782404954.433047,1,1,still,unknown,center,near,0,26.8,3.61,119 3 568 478
1782404954.475617,1,1,still,unknown,center,near,0,36.2,1.94,121 4 568 478
1782404954.515640,1,1,still,unknown,center,near,0,42.3,1.79,124 3 568 478
1782404954.558583,1,1,still,unknown,center,near,0,43.0,1.48,125 4 568 478
1782404954.613772,1,1,still,unknown,center,near,0,41.2,1.46,126 4 568 478
1782404954.657484,1,1,still,unknown,center,near,0,40.3,2.36,128 2 571 479
1782404954.699067,1,1,still,unknown,center,near,0,39.7,1.18,129 2 572 479
1782404954.739308,1,1,still,unknown,center,near,0,35.6,1.74,129 2 577 479
1782404954.782744,1,1,still,unknown,center,near,0,34.2,1.05,129 1 580 477
1782404954.828866,1,1,still,unknown,center,near,0,31.9,1.22,128 2 582 477
1782404954.869279,1,1,still,unknown,center,near,0,30.5,1.36,127 1 583 477
1782404954.912554,1,1,still,unknown,center,near,0,27.2,2.84,121 2 587 477
1782404954.955384,1,1,still,unknown,center,near,0,23.6,1.83,120 2 591 477
1782404955.001903,1,1,still,unknown,center,near,0,19.5,1.95,119 2 591 477
1782404955.048733,1,1,still,unknown,center,near,0,17.0,3.70,118 2 597 477
1782404955.094498,1,1,still,unknown,center,near,0,16.5,2.24,119 2 600 477
1782404955.140677,1,1,still,unknown,center,near,0,25.7,4.48,125 2 607 477
1782404955.186575,1,1,still,unknown,center,near,0,34.0,2.71,126 3 611 477
1782404955.233711,1,1,still,unknown,center,near,0,46.1,2.97,130 3 615 478
1782404955.277870,1,1,moving,unknown,center,near,1,67.0,5.90,144 1 623 477
1782404955.323693,1,1,still,unknown,center,near,0,86.3,3.05,151 1 627 477
1782404955.374599,1,1,still,unknown,center,near,0,99.0,2.58,157 1 630 477
1782404955.424042,1,1,still,unknown,center,near,0,115.8,2.87,169 1 637 478
1782404955.469339,1,1,still,unknown,center,near,0,117.6,2.21,173 1 637 478
1782404955.515550,1,1,moving,unknown,center,near,1,120.4,5.77,181 3 638 477
1782404955.556764,1,1,still,unknown,center,near,0,117.3,4.44,187 2 633 478
1782404955.601346,1,1,moving,unknown,center,near,1,96.9,5.13,190 3 626 480
1782404955.645528,1,1,moving,unknown,center,near,1,67.4,11.17,195 5 606 480
1782404955.686738,1,1,moving,unknown,center,near,1,40.5,6.74,195 6 589 480
1782404955.724326,1,1,moving,unknown,center,near,1,52.6,7.03,195 10 574 480
1782404955.764944,1,1,moving,unknown,center,near,1,76.4,7.62,195 15 558 479
1782404955.803921,1,1,moving,unknown,center,near,1,138.6,15.24,186 25 519 479
1782404955.848671,1,1,moving,unknown,center,near,1,192.9,9.29,180 31 499 479
1782404955.887680,1,1,moving,unknown,center,near,1,240.7,9.62,176 39 478 477
1782404955.926063,1,1,moving,unknown,center,near,1,268.4,9.91,171 45 469 478
1782404955.964279,1,1,moving,unknown,center,near,1,281.2,10.06,165 50 461 478
1782404956.002589,1,1,moving,unknown,center,near,1,309.7,9.23,158 54 429 480
1782404956.046660,1,1,moving,unknown,center,near,1,347.5,13.35,145 59 396 478
1782404956.090700,1,1,moving,unknown,center,near,1,339.5,6.82,134 61 385 479
1782404956.130843,1,1,moving,unknown,center,near,1,329.8,6.00,124 63 376 478
1782404956.169598,1,1,moving,unknown,center,near,1,326.5,9.24,117 66 357 478
1782404956.213423,1,1,moving,unknown,center,near,1,324.4,5.39,108 69 348 478
1782404956.254019,1,1,moving,unknown,center,near,1,319.5,5.39,102 72 344 480
1782404956.298608,1,1,moving,unknown,center,near,1,294.3,5.13,96 76 333 480
1782404956.340777,1,1,moving,unknown,left,near,1,251.0,5.01,93 79 327 480
1782404956.381073,1,1,moving,unknown,left,near,1,225.8,8.69,90 82 314 480
1782404956.420717,1,1,moving,unknown,left,near,1,197.5,5.80,92 83 313 480
1782404956.458523,1,1,moving,unknown,left,near,1,163.8,6.61,94 85 308 480
1782404956.504617,1,1,moving,unknown,left,near,1,133.4,6.91,92 86 307 480
1782404956.544443,1,1,moving,unknown,left,near,1,131.2,13.79,74 90 299 480
1782404956.583997,1,1,moving,unknown,left,near,1,126.8,8.53,68 95 293 480
1782404956.621753,1,1,moving,unknown,left,near,1,128.0,8.66,63 96 287 480
1782404956.663055,1,1,moving,unknown,left,near,1,125.7,8.55,57 100 280 479
1782404956.705539,1,1,moving,unknown,left,near,1,141.2,8.88,44 102 273 479
1782404956.745223,1,1,moving,unknown,left,near,1,159.1,9.67,36 104 266 479
1782404956.788177,1,1,moving,unknown,left,near,1,208.4,19.49,11 109 243 480
1782404956.829269,1,1,moving,unknown,left,near,1,224.5,10.24,0 109 237 478
1782404956.869957,1,1,moving,unknown,left,near,1,223.1,10.48,0 111 235 473
1782404956.908712,1,1,moving,unknown,left,near,1,223.9,19.58,0 110 222 480
1782404956.948582,1,1,moving,unknown,left,near,1,218.0,8.97,0 108 216 479
1782404956.997833,1,1,moving,unknown,left,near,1,205.6,8.07,0 108 204 475
1782404957.041490,1,1,moving,unknown,left,near,1,202.7,13.86,0 107 184 472
1782404957.080962,1,1,moving,unknown,left,near,1,170.8,6.51,0 108 174 473
1782404957.120803,1,1,moving,unknown,left,near,1,146.3,5.94,0 109 167 469
1782404957.165073,1,1,moving,unknown,left,near,1,137.4,5.51,0 109 159 471
1782404957.214509,1,1,moving,unknown,left,near,1,125.9,5.32,0 110 152 472
1782404957.251860,1,1,moving,unknown,left,near,1,130.0,9.67,0 112 135 474
1782404957.292488,1,1,moving,unknown,left,near,1,130.2,5.87,0 115 128 475
1782404957.332226,1,1,moving,unknown,left,near,1,118.3,6.27,0 116 123 476
1782404957.373806,1,1,moving,unknown,left,near,1,117.1,10.94,0 117 107 478
1782404957.421020,1,1,moving,unknown,left,near,1,118.4,5.61,0 119 98 479
1782404957.463296,1,1,moving,unknown,left,near,1,116.7,5.67,0 122 94 478
1782404957.506831,1,1,still,unknown,left,near,0,111.2,4.05,0 124 94 478
1782404957.546920,1,1,moving,unknown,left,near,1,93.8,6.35,0 127 92 475
1782404957.586498,1,1,still,unknown,left,near,0,77.6,3.33,0 125 94 478
1782404957.628355,1,1,still,unknown,left,near,0,65.5,3.69,0 125 93 477
1782404957.667010,1,1,still,unknown,left,near,0,46.6,2.79,0 125 94 478
1782404957.708357,1,1,moving,unknown,left,near,1,27.4,5.23,0 125 96 477
1782404957.748827,1,1,still,unknown,left,near,0,19.3,2.80,0 126 97 479
1782404957.788557,1,1,still,unknown,left,near,0,16.0,3.02,0 127 99 479
1782404957.838965,1,1,still,unknown,left,near,0,16.0,2.61,0 128 101 477
1782404957.881911,1,1,still,unknown,left,near,0,16.5,2.73,0 129 103 477
1782404957.919529,1,1,moving,unknown,left,near,1,22.9,6.01,0 131 107 480
1782404957.962560,1,1,still,unknown,left,near,0,27.4,3.41,0 132 110 480
1782404958.004669,1,1,still,unknown,left,near,0,30.9,3.45,0 134 112 480
1782404958.053708,1,1,moving,unknown,left,near,1,34.8,5.79,0 138 117 480
1782404958.096410,1,1,still,unknown,left,near,0,37.6,3.28,0 141 120 480
1782404958.141062,1,1,still,unknown,left,near,0,41.1,3.47,0 143 121 480
1782404958.182881,1,1,moving,unknown,left,near,1,43.1,7.89,0 147 121 480
1782404958.226540,1,1,still,unknown,left,near,0,40.7,4.43,0 149 122 480
1782404958.265259,1,1,still,unknown,left,near,0,37.9,4.36,0 150 124 480
1782404958.305426,1,1,still,unknown,left,near,0,35.6,3.22,0 150 125 480
1782404958.344653,1,1,moving,unknown,left,near,1,29.2,5.41,0 149 126 479
1782404958.383950,1,1,still,unknown,left,near,0,22.5,2.63,0 148 126 479
1782404958.427827,1,1,still,unknown,left,near,0,16.1,2.16,0 148 126 479
1782404958.466190,1,1,still,unknown,left,near,0,12.9,1.52,0 148 126 479
1782404958.510802,1,1,still,unknown,left,near,0,10.2,2.43,0 149 126 479
1782404958.551699,1,1,still,unknown,left,near,0,6.5,1.68,0 150 125 479
1782404958.590861,1,1,still,unknown,left,near,0,5.9,2.02,0 151 122 480
1782404958.629058,1,1,still,unknown,left,near,0,9.1,2.38,0 152 121 480
1782404958.669946,1,1,still,unknown,left,near,0,11.8,2.60,0 154 121 480
1782404958.710948,1,1,still,unknown,left,near,0,14.1,3.02,0 155 122 480
1782404958.748515,1,1,moving,sit,left,near,1,16.0,5.58,0 157 124 479
1782404958.785708,1,1,still,unknown,left,near,0,15.5,2.75,0 158 124 478
1782404958.824790,1,1,still,unknown,left,near,0,15.4,2.67,0 159 121 478
1782404958.866454,1,1,still,unknown,left,near,0,11.4,2.45,0 158 122 477
1782404958.914575,1,1,still,unknown,left,near,0,11.4,4.29,0 159 118 478
1782404958.956662,1,1,still,unknown,left,near,0,10.1,2.31,0 159 118 478
1782404958.997601,1,1,still,unknown,left,near,0,9.5,2.23,0 158 117 478
1782404959.043001,1,1,still,unknown,left,near,0,10.6,1.89,0 156 120 475
1782404959.083784,1,1,still,unknown,left,near,0,11.9,3.51,0 155 120 474
1782404959.123635,1,1,still,unknown,left,near,0,9.7,2.38,0 156 122 476
1782404959.165725,1,1,still,unknown,left,near,0,6.2,2.70,0 157 122 476
1782404959.207669,1,1,still,unknown,left,near,0,8.0,3.08,0 158 122 476
1782404959.251054,1,1,moving,unknown,left,near,1,7.3,6.45,0 160 121 476
1782404959.294696,1,1,still,unknown,left,near,0,7.6,3.73,0 161 122 476
1782404959.338793,1,1,still,unknown,left,near,0,11.2,3.88,0 162 123 477
1782404959.382691,1,1,still,unknown,left,near,0,17.6,4.25,0 164 124 479
1782404959.423793,1,1,moving,unknown,left,near,1,21.0,8.82,0 167 129 478
1782404959.468579,1,1,moving,unknown,left,near,1,25.2,5.29,0 171 132 477
1782404959.515965,1,1,moving,unknown,left,near,1,27.6,5.33,1 171 134 477
1782404959.554709,1,1,moving,unknown,left,near,1,33.9,8.79,3 171 140 476
1782404959.596589,1,1,still,unknown,left,near,0,39.3,4.45,4 171 143 476
1782404959.639499,1,1,still,unknown,left,near,0,43.3,4.13,5 171 145 476
1782404959.682496,1,1,still,unknown,left,near,0,54.4,4.11,15 170 148 476
1782404959.723206,1,1,moving,unknown,left,near,1,63.2,7.10,22 168 149 480
1782404959.766585,1,1,still,unknown,left,near,0,64.6,3.45,23 168 149 479
1782404959.819383,1,1,still,unknown,left,near,0,69.0,3.42,29 169 150 473
1782404959.863254,1,1,moving,unknown,left,near,1,68.5,5.94,34 170 151 476
1782404959.905756,1,1,still,unknown,left,near,0,65.3,2.95,33 170 152 474
1782404959.945472,1,1,still,unknown,left,near,0,61.9,2.78,33 170 153 472
1782404959.986660,1,1,still,unknown,left,near,0,57.0,4.44,38 172 155 464
1782404960.031140,1,1,still,unknown,left,near,0,48.3,2.11,40 173 155 465
1782404960.076838,1,1,still,unknown,left,near,0,43.2,2.07,40 174 155 466
1782404960.119484,1,1,still,unknown,left,near,0,37.2,2.06,41 175 155 475
1782404960.162806,1,1,still,unknown,left,near,0,30.3,3.83,43 176 156 473
1782404960.201447,1,1,still,unknown,left,near,0,28.5,2.19,44 176 157 466
1782404960.246845,1,1,still,unknown,left,mid,0,25.7,2.28,43 177 156 461
1782404960.287443,1,1,still,unknown,left,mid,0,21.6,4.10,46 177 158 457
1782404960.329580,1,1,still,unknown,left,mid,0,19.3,2.77,46 177 157 458
1782404960.372905,1,1,still,stand,left,mid,0,21.9,3.20,48 175 158 455
1782404960.415669,1,1,still,unknown,left,mid,0,29.7,3.25,49 175 158 456
1782404960.456634,1,1,still,unknown,left,mid,0,33.0,3.14,51 176 159 455
1782404960.501064,1,1,moving,unknown,left,mid,1,34.0,5.31,55 176 161 454
1782404960.544587,1,1,still,unknown,left,mid,0,34.2,3.04,56 176 161 453
1782404960.586347,1,1,still,unknown,left,mid,0,31.5,3.21,57 176 162 450
1782404960.625615,1,1,moving,unknown,left,mid,1,31.6,6.50,59 176 163 454
1782404960.667542,1,1,still,unknown,left,mid,0,31.8,3.64,60 175 164 454
1782404960.713087,1,1,still,unknown,left,mid,0,31.4,3.62,61 175 164 452
1782404960.754734,1,1,moving,unknown,left,mid,1,38.1,7.04,68 177 169 454
1782404960.792433,1,1,still,unknown,left,mid,0,38.9,4.13,69 178 171 455
1782404960.836850,1,1,still,stand,left,mid,0,44.3,4.18,72 180 174 455
1782404960.881671,1,1,still,unknown,left,mid,0,49.1,4.25,74 180 176 453
1782404960.923668,1,1,moving,unknown,left,mid,1,53.8,7.40,76 180 180 450
1782404960.964618,1,1,still,stand,left,mid,0,53.7,3.68,73 181 182 448
1782404961.007662,1,1,still,unknown,left,mid,0,57.4,3.47,78 180 184 446
1782404961.054608,1,1,still,stand,left,mid,0,52.7,3.30,79 181 185 441
1782404961.096759,1,1,moving,stand,left,mid,1,56.0,5.83,85 181 188 439
1782404961.138546,1,1,still,stand,left,mid,0,58.9,2.95,90 181 190 439
1782404961.179749,1,1,still,unknown,left,mid,0,75.1,3.25,98 181 192 416
1782404961.220912,1,1,still,unknown,left,mid,0,84.7,2.74,100 180 193 408
1782404961.273546,1,1,still,unknown,left,mid,0,96.2,4.30,104 181 195 397
1782404961.312773,1,1,still,unknown,left,mid,0,96.3,1.98,104 181 195 399
1782404961.359637,1,1,still,unknown,left,mid,0,96.1,2.05,104 182 196 395
1782404961.401138,1,1,still,unknown,left,mid,0,91.1,2.96,105 182 195 393
1782404961.445418,1,1,still,unknown,left,mid,0,83.8,1.49,106 182 195 395
1782404961.488923,1,1,still,unknown,left,mid,0,65.3,2.51,106 183 195 387
1782404961.534868,1,1,still,unknown,left,mid,0,46.0,1.54,105 183 194 389
1782404961.575478,1,1,still,unknown,left,mid,0,27.3,1.43,105 184 194 389
1782404961.615359,1,1,still,unknown,left,mid,0,18.8,1.62,106 184 195 391
1782404961.659254,1,1,still,unknown,left,mid,0,12.7,1.53,105 185 194 387
1782404961.707647,1,1,still,unknown,left,mid,0,12.4,2.93,105 186 194 381
1782404961.750915,1,1,still,unknown,left,mid,0,16.4,1.57,104 186 193 379
1782404961.793897,1,1,still,unknown,left,mid,0,12.8,1.96,104 187 192 379
1782404961.836440,1,1,still,unknown,left,mid,0,13.0,1.09,106 187 193 378
1782404961.884007,1,1,still,unknown,left,mid,0,12.7,1.22,106 187 193 378
1782404961.926182,1,1,still,unknown,left,mid,0,16.7,1.33,106 187 192 375
1782404961.967273,1,1,still,unknown,left,mid,0,15.3,2.60,109 186 193 378
1782404962.010864,1,1,still,unknown,left,mid,0,10.9,1.44,110 186 193 382
1782404962.052817,1,1,still,unknown,left,mid,0,11.5,1.53,110 186 193 384
1782404962.092653,1,1,still,unknown,left,mid,0,14.1,2.42,111 185 194 377
1782404962.135772,1,1,still,unknown,left,mid,0,13.6,1.57,112 185 194 378
1782404962.176862,1,1,still,unknown,left,mid,0,14.3,1.53,113 186 194 377
1782404962.221491,1,1,still,unknown,left,mid,0,14.3,1.76,113 185 194 378
1782404962.260699,1,1,still,unknown,left,mid,0,17.8,3.37,114 185 198 374
1782404962.300718,1,1,still,unknown,left,mid,0,22.7,2.15,116 185 197 371
1782404962.340934,1,1,still,unknown,left,mid,0,24.3,2.26,118 186 198 376
1782404962.381024,1,1,still,unknown,left,mid,0,22.1,2.25,118 186 199 377
1782404962.424023,1,1,still,unknown,left,mid,0,21.0,2.42,117 186 200 381
1782404962.467250,1,1,still,unknown,left,mid,0,24.7,4.48,120 187 204 381
1782404962.506830,1,1,still,unknown,left,mid,0,30.4,2.64,120 187 206 381
1782404962.548862,1,1,still,unknown,left,mid,0,30.8,2.89,121 186 207 383
1782404962.590015,1,1,moving,unknown,left,mid,1,34.9,5.52,123 186 207 385
1782404962.630836,1,1,still,unknown,left,mid,0,32.9,3.17,124 186 209 382
1782404962.667571,1,1,still,unknown,left,mid,0,29.8,3.71,125 186 207 378
1782404962.710967,1,1,still,unknown,left,mid,0,29.0,3.61,126 187 207 377
1782404962.751506,1,1,still,unknown,left,mid,0,25.7,3.78,127 188 208 373
1782404962.792560,1,1,still,unknown,left,mid,0,22.5,3.51,127 188 210 377
1782404962.834827,1,1,moving,stand,left,mid,1,28.5,5.98,132 189 211 392
1782404962.881016,1,1,still,stand,left,mid,0,28.2,2.97,133 190 212 387
1782404962.920438,1,1,still,stand,left,mid,0,27.0,2.65,134 189 213 382
1782404962.962871,1,1,still,stand,left,mid,0,32.5,4.25,135 188 215 390
1782404963.006589,1,1,still,unknown,left,mid,0,30.7,2.12,134 188 216 379
1782404963.048833,1,1,still,unknown,left,mid,0,28.2,1.88,134 188 216 373
1782404963.088857,1,1,still,unknown,left,mid,0,27.9,1.96,134 188 217 368
1782404963.132704,1,1,still,unknown,left,mid,0,33.8,1.70,134 188 217 371
1782404963.168792,1,1,still,unknown,left,mid,0,29.1,2.58,135 188 217 376
1782404963.206910,1,1,still,unknown,left,mid,0,26.0,1.36,135 188 217 372
1782404963.247606,1,1,still,unknown,left,mid,0,33.6,1.22,135 188 217 367
1782404963.289561,1,1,still,unknown,left,mid,0,31.0,1.23,135 188 217 363
1782404963.327703,1,1,still,unknown,left,mid,0,33.6,1.89,134 188 218 353
1782404963.364994,1,1,still,unknown,left,mid,0,29.6,1.06,135 188 218 354
1782404963.403311,1,1,still,unknown,left,mid,0,28.2,1.15,135 188 217 356
1782404963.442514,1,1,still,unknown,left,mid,0,33.8,1.03,135 188 217 354
1782404963.483806,1,1,still,unknown,left,mid,0,31.5,1.21,136 188 217 355
1782404963.527426,1,1,still,unknown,left,mid,0,25.4,1.07,136 188 218 356
1782404963.569629,1,1,still,unknown,left,mid,0,21.0,2.10,136 189 217 353
1782404963.618933,1,1,still,unknown,left,mid,0,11.5,1.31,135 189 218 353
1782404963.657663,1,1,still,unknown,left,mid,0,7.4,2.13,137 189 217 353
1782404963.695835,1,1,still,unknown,left,mid,0,6.9,1.15,137 190 218 351
1782404963.735526,1,1,still,unknown,left,mid,0,7.6,1.19,139 190 217 355
1782404963.775681,1,1,still,unknown,left,mid,0,6.4,1.13,139 190 217 354
1782404963.815863,1,1,still,unknown,left,mid,0,8.7,1.22,141 190 217 357
1782404963.858591,1,1,still,unknown,left,mid,0,14.1,1.13,143 191 217 360
1782404963.897733,1,1,still,unknown,left,mid,0,17.0,1.91,145 191 218 357
1782404963.937622,1,1,still,unknown,left,mid,0,19.7,1.70,147 191 217 345
1782404963.984934,1,1,still,unknown,left,mid,0,22.2,1.58,148 191 218 341
1782404964.028999,1,1,still,unknown,left,mid,0,26.1,1.70,149 191 218 340
1782404964.069268,1,1,still,unknown,left,mid,0,29.3,2.52,150 191 219 341
1782404964.105402,1,1,still,unknown,left,mid,0,32.2,1.47,150 191 220 340
1782404964.141080,1,1,still,unknown,left,mid,0,32.6,1.25,150 190 220 344
1782404964.181884,1,1,still,unknown,left,mid,0,31.1,1.32,151 190 220 342
1782404964.227161,1,1,still,unknown,left,mid,0,22.3,1.60,151 190 220 343
1782404964.268600,1,1,still,unknown,left,mid,0,16.7,2.81,151 190 221 344
1782404964.315975,1,1,still,unknown,left,mid,0,17.2,1.59,151 190 221 351
1782404964.355773,1,1,still,unknown,left,mid,0,34.6,2.40,151 190 222 371
1782404964.401051,1,1,still,unknown,left,mid,0,25.7,3.53,153 190 223 350
1782404964.439273,1,1,still,unknown,left,mid,0,19.4,2.07,154 191 223 347
1782404964.485655,1,1,still,unknown,left,mid,0,16.2,2.38,154 191 223 346
1782404964.528240,1,1,still,unknown,left,mid,0,16.1,2.16,156 191 224 346
1782404964.565587,1,1,still,unknown,left,mid,0,18.3,2.47,158 191 224 349
1782404964.607411,1,1,still,unknown,left,mid,0,41.9,4.41,159 191 224 386
1782404964.648381,1,1,still,unknown,left,mid,0,33.2,2.76,159 192 224 380
1782404964.691103,1,1,still,stand,left,mid,0,52.7,2.89,158 192 225 389
1782404964.734645,1,1,moving,stand,left,mid,1,62.3,5.42,158 192 227 388
1782404964.776886,1,1,still,unknown,left,mid,0,57.4,2.98,159 193 227 373
1782404964.820025,1,1,still,unknown,left,mid,0,38.1,3.28,159 193 228 352
1782404964.866437,1,1,still,unknown,left,mid,0,25.2,3.37,160 193 229 348
1782404964.909581,1,1,moving,unknown,left,mid,1,46.4,5.79,162 193 232 345
1782404964.948718,1,1,still,unknown,left,mid,0,50.0,2.96,162 193 232 348
1782404964.990893,1,1,still,unknown,left,mid,0,53.5,2.69,163 194 233 355
1782404965.031529,1,1,still,unknown,left,mid,0,46.1,2.56,164 194 234 367
1782404965.077585,1,1,still,unknown,left,mid,0,38.8,4.15,166 194 235 361
1782404965.117397,1,1,still,stand,left,mid,0,33.3,2.14,166 194 235 359
1782404965.159358,1,1,still,unknown,left,mid,0,32.7,2.04,169 193 236 357
1782404965.201753,1,1,still,unknown,left,mid,0,28.7,3.51,170 193 237 350
1782404965.240803,1,1,still,unknown,left,mid,0,25.6,1.59,171 193 237 349
1782404965.283786,1,1,still,unknown,left,mid,0,27.3,1.68,171 193 237 343
1782404965.323692,1,1,still,unknown,left,mid,0,32.3,1.27,172 193 237 349
1782404965.366608,1,1,still,unknown,left,mid,0,30.6,1.43,172 193 237 347
1782404965.407670,1,1,still,stand,left,mid,0,22.2,1.93,172 193 237 363
1782404965.449672,1,1,still,unknown,left,mid,0,18.1,2.20,172 193 237 350
1782404965.493082,1,1,still,stand,left,mid,0,18.8,2.35,170 193 238 361
1782404965.537691,1,1,still,unknown,left,mid,0,16.1,1.94,171 193 238 357
1782404965.576762,1,1,still,stand,left,mid,0,34.1,2.48,170 192 237 374
1782404965.619529,1,1,still,unknown,left,mid,0,20.7,3.32,170 193 237 353
1782404965.662533,1,1,still,unknown,left,mid,0,14.0,2.17,169 193 236 348
1782404965.708593,1,1,still,unknown,left,mid,0,21.1,2.01,169 192 236 348
1782404965.751641,1,1,still,unknown,left,mid,0,20.6,3.74,162 192 235 351
1782404965.796400,1,1,still,unknown,left,mid,0,27.2,2.45,163 192 234 345
1782404965.837259,1,1,moving,unknown,left,mid,1,27.1,5.01,162 192 233 349
1782404965.880035,1,1,still,unknown,left,mid,0,36.8,3.22,162 192 231 350
1782404965.926373,1,1,still,unknown,left,mid,0,31.0,3.21,161 192 230 352
1782404965.975686,1,1,still,unknown,left,mid,0,30.4,3.39,160 192 228 354
1782404966.019813,1,1,moving,unknown,left,mid,1,32.0,7.15,159 192 226 355
1782404966.058810,1,1,still,unknown,left,mid,0,28.5,4.35,158 193 225 358
1782404966.099586,1,1,still,unknown,left,mid,0,30.2,4.75,158 193 225 358
1782404966.145552,1,1,moving,unknown,left,mid,1,28.0,9.62,158 194 223 353
1782404966.183716,1,1,moving,unknown,left,mid,1,27.6,5.46,157 194 220 353
1782404966.225808,1,1,moving,unknown,left,mid,1,28.4,5.28,154 194 220 354
1782404966.266266,1,1,moving,unknown,left,mid,1,30.2,5.24,152 194 217 356
1782404966.305367,1,1,moving,unknown,left,mid,1,34.5,9.12,150 194 213 352
1782404966.347606,1,1,still,unknown,left,mid,0,38.6,4.64,148 194 212 348
1782404966.386929,1,1,still,unknown,left,mid,0,45.3,4.06,145 194 210 345
1782404966.426576,1,1,still,unknown,left,mid,0,48.1,3.51,143 194 210 350
1782404966.468689,1,1,still,unknown,left,mid,0,47.0,2.93,141 194 210 351
1782404966.509759,1,1,still,unknown,left,mid,0,45.1,4.36,141 194 209 355
1782404966.553379,1,1,still,unknown,left,mid,0,40.1,2.05,140 193 209 357
1782404966.598364,1,1,still,unknown,left,mid,0,33.4,1.61,140 193 208 358
1782404966.638697,1,1,still,unknown,left,mid,0,29.6,2.67,140 194 206 353
1782404966.678834,1,1,still,unknown,left,mid,0,25.4,1.31,140 193 206 353
1782404966.722708,1,1,still,unknown,left,mid,0,18.4,0.98,140 193 205 352
1782404966.771113,1,1,still,unknown,left,mid,0,14.7,1.05,140 193 205 355
1782404966.813027,1,1,still,unknown,left,mid,0,11.0,1.25,140 193 205 358
1782404966.854942,1,1,still,unknown,left,mid,0,8.1,0.76,140 193 205 358
1782404966.895845,1,1,still,unknown,left,mid,0,6.8,0.99,141 193 206 356
1782404966.935511,1,1,still,unknown,left,mid,0,6.3,1.15,141 192 205 358
1782404966.978341,1,1,still,unknown,left,mid,0,7.6,2.86,143 193 206 358
1782404967.023841,1,1,still,unknown,left,mid,0,7.1,2.45,143 193 206 353
1782404967.063481,1,1,still,unknown,left,mid,0,11.7,2.88,144 193 206 347
1782404967.102673,1,1,still,unknown,left,mid,0,16.2,3.88,146 193 205 347
1782404967.140911,1,1,still,unknown,left,mid,0,17.6,3.74,147 194 206 350
1782404967.181091,1,1,moving,unknown,left,mid,1,19.9,8.14,150 194 209 351
1782404967.222825,1,1,still,unknown,left,mid,0,25.9,4.70,152 193 212 354
1782404967.266537,1,1,still,unknown,left,mid,0,29.3,4.60,154 193 213 358
1782404967.308727,1,1,moving,unknown,left,mid,1,37.5,9.36,157 195 218 356
1782404967.346319,1,1,moving,unknown,left,mid,1,45.8,5.57,159 195 221 354
1782404967.385799,1,1,moving,unknown,left,mid,1,49.4,5.77,158 195 221 354
1782404967.427430,1,1,moving,unknown,left,mid,1,48.8,6.14,158 195 221 355
1782404967.471681,1,1,moving,unknown,left,mid,1,46.3,5.71,158 194 225 357
1782404967.517624,1,1,moving,unknown,left,mid,1,38.9,5.81,158 194 225 354
1782404967.557504,1,1,moving,unknown,left,mid,1,38.2,10.20,159 194 230 359
1782404967.604148,1,1,moving,unknown,left,far,1,56.0,7.44,181 195 231 333
1782404967.642592,1,1,moving,unknown,left,mid,1,48.7,10.66,167 193 237 354
1782404967.684824,1,1,moving,unknown,left,mid,1,59.7,6.99,183 194 238 352
1782404967.722865,1,1,moving,unknown,center,far,1,77.5,7.02,192 195 239 333
1782404967.761748,1,1,moving,unknown,center,far,1,90.9,6.98,196 195 241 328
1782404967.808689,1,1,moving,unknown,center,far,1,100.2,12.59,197 193 244 327
1782404967.849700,1,1,moving,unknown,center,far,1,103.7,6.72,198 194 244 327
1782404967.888312,1,1,moving,stand,center,far,1,79.3,7.13,198 194 245 329
1782404967.931731,1,1,moving,unknown,center,far,1,80.8,7.11,201 195 246 331
1782404967.973040,1,1,moving,unknown,center,far,1,72.6,7.64,203 195 249 331
1782404968.013193,1,1,moving,unknown,center,far,1,59.8,13.27,206 197 253 329
1782404968.051860,1,1,moving,unknown,center,far,1,55.8,7.02,209 197 258 324
1782404968.090856,1,1,moving,unknown,center,far,1,57.7,7.64,215 197 259 320
1782404968.131253,1,1,moving,unknown,center,far,1,65.1,7.72,221 197 263 319
1782404968.177120,1,1,moving,unknown,center,far,1,83.3,12.26,229 196 269 309
1782404968.217293,1,1,moving,unknown,center,far,1,90.9,9.36,230 198 268 305
1782404968.258449,0,0,empty,na,na,na,0,0.0,0.00,
1782404968.295653,1,1,moving,unknown,center,far,1,0.0,6.90,236 196 277 299
1782404968.336461,1,1,moving,unknown,center,far,1,52.4,5.53,237 195 284 300
1782404968.381126,0,0,empty,na,na,na,0,0.0,0.00,
1782404968.414516,0,0,empty,na,na,na,0,0.0,0.00,
1782404968.447688,0,0,empty,na,na,na,0,0.0,0.00,
1782404968.482825,0,0,empty,na,na,na,0,0.0,0.00,
1782404968.518792,0,0,empty,na,na,na,0,0.0,0.00,
1782404968.555462,0,0,empty,na,na,na,0,0.0,0.00,
1782404968.588605,0,0,empty,na,na,na,0,0.0,0.00,
1782404968.623002,0,0,empty,na,na,na,0,0.0,0.00,
1782404968.659267,0,0,empty,na,na,na,0,0.0,0.00,
1782404968.698856,0,0,empty,na,na,na,0,0.0,0.00,
1782404968.733921,0,0,empty,na,na,na,0,0.0,0.00,
1782404968.769517,0,0,empty,na,na,na,0,0.0,0.00,
1782404968.806406,0,0,empty,na,na,na,0,0.0,0.00,
1782404968.843627,0,0,empty,na,na,na,0,0.0,0.00,
1782404968.878716,0,0,empty,na,na,na,0,0.0,0.00,
1782404968.916638,0,0,empty,na,na,na,0,0.0,0.00,
1782404968.952757,0,0,empty,na,na,na,0,0.0,0.00,
1782404968.992629,0,0,empty,na,na,na,0,0.0,0.00,
1782404969.032159,0,0,empty,na,na,na,0,0.0,0.00,
1782404969.065791,0,0,empty,na,na,na,0,0.0,0.00,
1782404969.099871,0,0,empty,na,na,na,0,0.0,0.00,
1782404969.135693,0,0,empty,na,na,na,0,0.0,0.00,
1782404969.170970,0,0,empty,na,na,na,0,0.0,0.00,
1782404969.209776,0,0,empty,na,na,na,0,0.0,0.00,
1782404969.247393,0,0,empty,na,na,na,0,0.0,0.00,
1782404969.281026,0,0,empty,na,na,na,0,0.0,0.00,
1782404969.314214,0,0,empty,na,na,na,0,0.0,0.00,
1782404969.352172,0,0,empty,na,na,na,0,0.0,0.00,
1782404969.388566,0,0,empty,na,na,na,0,0.0,0.00,
1782404969.425671,0,0,empty,na,na,na,0,0.0,0.00,
1782404969.464233,0,0,empty,na,na,na,0,0.0,0.00,
1782404969.501901,0,0,empty,na,na,na,0,0.0,0.00,
1782404969.540944,0,0,empty,na,na,na,0,0.0,0.00,
1782404969.576563,0,0,empty,na,na,na,0,0.0,0.00,
1782404969.611235,0,0,empty,na,na,na,0,0.0,0.00,
1782404969.649213,0,0,empty,na,na,na,0,0.0,0.00,
1782404969.685329,1,1,still,unknown,center,mid,0,0.0,1.75,341 184 494 342
1782404969.724911,0,0,empty,na,na,na,0,0.0,0.00,
1782404969.759492,1,1,still,unknown,center,mid,0,0.0,2.06,346 184 496 345
1782404969.796636,1,1,still,unknown,center,mid,0,25.7,2.04,348 185 497 345
1782404969.836121,0,0,empty,na,na,na,0,0.0,0.00,
1782404969.870848,0,0,empty,na,na,na,0,0.0,0.00,
1782404969.911009,1,1,moving,sit,center,far,1,0.0,5.38,352 193 409 296
1782404969.947934,1,1,moving,unknown,center,far,1,30.2,12.20,358 191 407 297
1782404969.986432,1,1,moving,unknown,center,far,1,47.1,6.33,359 193 411 296
1782404970.028714,1,1,moving,unknown,center,far,1,53.5,6.81,362 193 412 296
1782404970.074403,1,1,moving,unknown,center,far,1,51.4,7.01,364 193 412 295
1782404970.115921,1,1,moving,unknown,center,far,1,51.4,7.10,365 195 417 292
1782404970.155613,1,1,moving,unknown,center,far,1,53.1,13.89,369 195 418 296
1782404970.192881,1,1,moving,unknown,center,far,1,58.1,7.86,371 195 424 290
1782404970.234232,1,1,moving,unknown,center,far,1,62.5,7.99,374 196 429 293
1782404970.278541,1,1,moving,unknown,center,far,1,61.0,8.56,375 196 430 294
1782404970.317694,1,1,moving,unknown,center,far,1,63.0,17.52,377 196 435 288
1782404970.357551,1,1,moving,unknown,center,far,1,62.5,9.82,378 198 434 293
1782404970.395692,1,1,moving,unknown,center,far,1,65.5,9.63,381 196 438 296
1782404970.433693,1,1,moving,unknown,center,far,1,65.1,9.63,383 196 440 295
1782404970.475297,1,1,moving,unknown,center,far,1,61.6,8.84,384 196 442 302
1782404970.526626,1,1,moving,unknown,center,far,1,55.0,9.09,386 195 445 301
1782404970.562561,1,1,moving,unknown,center,far,1,57.0,15.54,390 193 449 299
1782404970.602673,1,1,moving,sit,center,far,1,57.4,8.36,392 193 451 302
1782404970.641887,1,1,moving,sit,center,far,1,59.5,8.08,393 192 452 306
1782404970.685722,1,1,moving,unknown,right,far,1,63.7,14.90,401 190 457 298
1782404970.730061,1,1,moving,unknown,right,far,1,64.8,8.08,403 193 459 306
1782404970.769708,1,1,moving,unknown,right,far,1,65.2,7.86,405 192 460 306
1782404970.819546,1,1,moving,unknown,right,far,1,65.4,7.95,407 193 462 298
1782404970.859531,1,1,moving,sit,right,far,1,66.3,14.97,411 194 467 292
1782404970.899993,1,1,moving,unknown,right,far,1,67.9,7.47,412 194 472 294
1782404970.941420,1,1,moving,sit,right,far,1,70.2,7.81,414 194 473 291
1782404970.986209,1,1,moving,sit,right,far,1,61.2,8.08,415 194 474 290
1782404971.029431,1,1,moving,unknown,right,far,1,62.3,15.09,420 195 477 291
1782404971.071184,1,1,moving,unknown,right,far,1,65.7,8.60,422 194 479 284
1782404971.113811,1,1,moving,unknown,right,far,1,66.3,9.04,424 194 482 284
1782404971.159898,1,1,moving,unknown,right,mid,1,85.7,6.52,426 194 490 342
1782404971.197493,1,1,moving,unknown,right,mid,1,96.8,10.25,431 193 494 345
1782404971.234250,1,1,moving,unknown,right,mid,1,106.7,5.71,433 192 497 344
1782404971.274853,1,1,moving,unknown,right,mid,1,112.0,5.78,435 192 499 344
1782404971.318480,1,1,moving,unknown,right,mid,1,110.4,5.96,436 191 500 344
1782404971.360714,1,1,moving,unknown,right,mid,1,115.7,11.06,439 191 505 343
1782404971.406624,1,1,moving,unknown,right,mid,1,118.3,6.03,441 191 507 346
1782404971.447944,1,1,moving,unknown,right,mid,1,88.5,5.88,441 189 509 350
1782404971.489848,1,1,moving,unknown,right,mid,1,69.6,10.03,444 190 511 343
1782404971.531686,1,1,moving,unknown,right,mid,1,56.8,5.07,445 190 512 346
1782404971.575468,1,1,moving,unknown,right,mid,1,50.1,5.34,447 191 512 346
1782404971.612442,1,1,moving,unknown,right,mid,1,48.7,5.80,450 190 513 345
1782404971.656199,1,1,moving,unknown,right,mid,1,47.7,6.14,453 190 518 352
1782404971.699518,1,1,moving,unknown,right,mid,1,61.7,10.09,457 192 527 369
1782404971.740901,1,1,moving,unknown,right,mid,1,73.0,5.24,460 192 531 376
1782404971.782650,1,1,moving,unknown,right,mid,1,83.0,5.58,462 191 533 378
1782404971.826065,1,1,moving,unknown,right,mid,1,86.7,11.11,467 192 533 375
1782404971.867527,1,1,moving,unknown,right,mid,1,89.0,6.29,469 191 535 375
1782404971.949230,1,1,moving,unknown,right,mid,1,83.8,6.25,471 191 537 374
1782404972.029428,1,1,moving,unknown,right,mid,1,77.0,11.09,475 190 543 375
1782404972.077609,1,1,moving,unknown,right,mid,1,70.5,14.69,478 186 555 371
1782404972.113910,1,1,moving,unknown,right,mid,1,67.5,5.66,478 186 559 372
1782404972.164640,1,1,moving,unknown,right,mid,1,72.0,8.64,481 185 571 372
1782404972.220956,1,1,still,unknown,right,mid,0,72.2,4.20,481 185 575 372
1782404972.262880,1,1,moving,unknown,right,mid,1,74.2,7.13,487 186 577 373
1782404972.300643,1,1,still,unknown,right,mid,0,78.7,3.68,488 187 578 374
1782404972.339411,1,1,still,unknown,right,mid,0,78.4,3.85,489 187 577 373
1782404972.380572,1,1,still,unknown,right,mid,0,69.2,3.83,491 187 578 373
1782404972.419644,1,1,still,unknown,right,mid,0,60.4,3.75,491 187 578 372
1782404972.457747,1,1,moving,unknown,right,mid,1,49.5,6.49,494 188 579 376
1782404972.499925,1,1,still,unknown,right,mid,0,41.4,3.51,495 188 580 372
1782404972.540603,1,1,still,unknown,right,mid,0,33.2,3.48,495 188 582 374
1782404972.582706,1,1,still,unknown,right,mid,0,28.6,3.43,496 188 583 370
1782404972.625542,1,1,moving,unknown,right,mid,1,31.5,6.32,497 186 586 383
1782404972.665485,1,1,still,unknown,right,mid,0,35.2,3.35,498 185 589 388
1782404972.708061,1,1,still,unknown,right,mid,0,37.2,3.44,498 185 589 387
1782404972.749051,1,1,still,unknown,right,mid,0,34.5,3.26,499 184 590 390
1782404972.784576,1,1,moving,unknown,right,mid,1,53.2,5.38,499 184 592 338
1782404972.821944,1,1,still,unknown,right,far,0,78.6,4.28,499 184 593 322
1782404972.860870,1,1,moving,unknown,right,mid,1,78.7,11.22,501 182 597 415
1782404972.903640,1,1,moving,unknown,right,mid,1,79.9,7.18,502 181 598 430
1782404972.947788,1,1,still,unknown,right,mid,0,76.8,3.70,502 182 598 431
1782404972.993400,1,1,moving,stand,right,mid,1,90.7,6.36,506 181 601 448
1782404973.034921,1,1,still,stand,right,mid,0,97.5,3.88,507 181 603 450
1782404973.072552,1,1,still,stand,right,mid,0,147.2,3.94,507 181 609 452
1782404973.115566,1,1,still,stand,right,mid,0,185.4,4.32,508 183 610 452
1782404973.157425,1,1,still,stand,right,mid,0,130.6,4.48,510 183 611 454
1782404973.198622,1,1,moving,stand,right,mid,1,102.4,8.91,514 184 613 462
1782404973.246863,1,1,moving,stand,right,mid,1,90.5,5.11,516 181 616 466
1782404973.287080,1,1,still,stand,right,mid,0,76.6,4.88,518 180 620 467
1782404973.327455,1,1,moving,unknown,right,mid,1,93.6,10.42,522 180 625 397
1782404973.367607,1,1,moving,unknown,right,mid,1,102.7,5.83,523 179 628 399
1782404973.406581,1,1,moving,unknown,right,mid,1,110.9,5.55,526 178 632 401
1782404973.444722,1,1,moving,unknown,right,near,1,93.8,8.28,525 175 640 466
1782404973.483245,1,1,moving,stand,right,near,1,82.5,5.11,528 175 640 474
1782404973.521773,1,1,still,stand,right,near,0,73.1,3.98,528 174 639 472
1782404973.561797,1,1,moving,stand,right,near,1,64.9,6.73,530 173 639 472
1782404973.602483,1,1,still,stand,right,near,0,98.2,3.32,530 173 640 473
1782404973.641722,1,1,still,stand,right,near,0,116.9,3.02,532 173 640 477
1782404973.683594,1,1,still,stand,right,near,0,125.4,2.78,533 173 640 478
1782404973.729677,1,1,still,stand,right,near,0,76.0,4.27,534 174 640 479
1782404973.770942,1,1,still,unknown,right,near,0,44.3,2.14,533 175 640 479
1782404973.812212,1,1,still,stand,right,near,0,31.0,1.96,533 175 640 480
1782404973.856628,1,1,still,stand,right,near,0,22.7,1.88,533 175 640 478
1782404973.896404,1,1,still,unknown,right,near,0,17.9,1.75,533 176 640 478
1782404973.936286,1,1,still,unknown,right,near,0,11.1,2.91,532 174 640 478
1782404973.974466,1,1,still,unknown,right,near,0,6.9,1.78,532 174 640 479
1782404974.015508,1,1,still,unknown,right,near,0,6.3,2.18,531 173 640 478
1782404974.060653,1,1,still,unknown,right,near,0,6.0,2.28,531 172 640 480
1782404974.098487,1,1,still,unknown,right,near,0,7.6,4.21,531 170 640 480
1782404974.141743,1,1,still,unknown,right,near,0,9.2,2.46,532 168 640 479
1782404974.182243,1,1,still,unknown,right,near,0,12.8,2.47,532 166 640 478
1782404974.223605,1,1,still,unknown,right,near,0,11.6,2.44,532 166 640 480
1782404974.265786,1,1,still,unknown,right,near,0,15.1,2.38,533 164 640 477
1782404974.309043,1,1,still,unknown,right,near,0,14.6,3.84,533 163 640 480
1782404974.347286,1,1,still,unknown,right,near,0,15.6,2.39,533 163 640 480
1782404974.388794,1,1,still,unknown,right,near,0,14.2,2.68,534 163 640 479
1782404974.428613,1,1,moving,unknown,right,near,1,12.4,5.61,535 164 640 478
1782404974.470676,1,1,still,unknown,right,near,0,9.4,3.34,535 165 640 478
1782404974.510749,1,1,still,unknown,right,near,0,8.3,3.27,536 167 640 480
1782404974.548630,1,1,still,unknown,right,near,0,10.4,3.40,537 167 640 480
1782404974.588556,1,1,still,unknown,right,near,0,11.2,3.58,538 167 640 480
1782404974.631032,1,1,still,stand,right,near,0,12.5,3.97,540 168 640 479
1782404974.672693,1,1,moving,unknown,right,near,1,13.3,7.79,541 160 640 480
1782404974.718116,1,1,still,unknown,right,near,0,15.0,4.20,543 159 640 479
1782404974.755535,1,1,still,unknown,right,near,0,18.2,4.11,544 156 640 479
1782404974.795721,1,1,moving,unknown,right,near,1,24.1,7.21,547 157 640 477
1782404974.837110,1,1,still,stand,right,near,0,27.9,3.86,548 157 640 476
1782404974.876621,1,1,still,unknown,right,near,0,30.4,3.49,549 155 640 476
1782404974.922766,1,1,still,unknown,right,near,0,32.3,3.03,550 153 640 477
1782404974.960834,1,1,still,unknown,right,near,0,28.8,2.82,550 153 640 475
1782404975.004456,1,1,still,unknown,right,near,0,25.4,2.71,550 151 640 476
1782404975.048707,1,1,still,unknown,right,near,0,24.9,4.76,552 149 640 473
1782404975.089110,1,1,still,unknown,right,near,0,21.4,2.58,554 151 640 475
1782404975.129710,1,1,still,unknown,right,near,0,19.2,2.55,555 150 640 475
1782404975.166039,1,1,still,unknown,right,near,0,16.4,4.15,556 149 640 479
1782404975.204913,1,1,still,unknown,right,near,0,15.1,2.36,558 151 640 480
1782404975.242582,1,1,still,unknown,right,near,0,14.3,2.32,557 151 640 480
1782404975.283933,1,1,still,unknown,right,near,0,14.2,2.32,556 152 640 480
1782404975.329763,1,1,still,unknown,right,near,0,15.1,2.26,555 152 640 480
1782404975.372956,1,1,still,unknown,right,near,0,12.7,4.57,554 152 640 479
1782404975.412715,1,1,still,unknown,right,near,0,9.6,3.12,553 150 640 478
1782404975.455411,1,1,still,unknown,right,near,0,9.0,3.30,552 147 640 479
1782404975.495383,1,1,still,unknown,right,near,0,15.1,3.25,550 143 640 478
1782404975.539235,1,1,moving,unknown,right,near,1,21.7,5.35,546 141 640 478
1782404975.579492,1,1,still,unknown,right,near,0,26.1,2.68,543 140 640 480
1782404975.616624,1,1,still,unknown,right,near,0,29.2,2.76,542 138 640 480
1782404975.657676,1,1,still,unknown,right,near,0,36.1,2.65,535 136 640 479
1782404975.701803,1,1,still,unknown,right,near,0,40.8,2.80,531 135 640 479
1782404975.744037,1,1,still,unknown,right,near,0,47.2,4.58,526 132 640 478
1782404975.786620,1,1,still,unknown,right,near,0,48.1,2.48,525 132 640 477
1782404975.825766,1,1,still,unknown,right,near,0,44.2,2.45,525 131 640 477
1782404975.869187,1,1,still,unknown,right,near,0,41.4,4.08,524 131 640 477
1782404975.910923,1,1,still,unknown,right,near,0,39.5,2.59,522 133 640 476
1782404975.950660,1,1,still,unknown,right,near,0,33.5,2.78,520 134 640 478
1782404975.993444,1,1,still,unknown,right,near,0,28.7,2.74,518 132 640 478
1782404976.036347,1,1,still,unknown,right,near,0,24.1,2.76,515 134 640 480
1782404976.078126,1,1,still,unknown,right,near,0,26.6,4.57,508 132 640 480
1782404976.119555,1,1,still,unknown,right,near,0,29.6,2.45,506 131 640 480
1782404976.157105,1,1,still,unknown,right,near,0,32.2,2.69,504 126 640 480
1782404976.199833,1,1,still,unknown,right,near,0,34.6,2.96,501 124 640 480
1782404976.243817,1,1,moving,unknown,right,near,1,41.6,6.04,499 112 640 480
1782404976.285893,1,1,still,unknown,right,near,0,45.9,3.53,497 110 640 479
1782404976.324514,1,1,still,unknown,right,near,0,51.1,3.59,495 109 640 479
1782404976.361616,1,1,still,unknown,right,near,0,51.6,3.53,492 107 640 480
1782404976.400104,1,1,still,unknown,right,near,0,54.9,3.60,491 103 640 479
1782404976.441741,1,1,still,unknown,right,near,0,54.3,3.75,488 102 640 478
1782404976.481889,1,1,moving,unknown,right,near,1,54.8,7.61,484 98 640 480
1782404976.525554,1,1,still,unknown,right,near,0,51.0,4.01,479 96 640 478
1782404976.571451,1,1,still,unknown,right,near,0,47.5,4.24,478 93 640 480
1782404976.610669,1,1,moving,unknown,right,near,1,48.6,9.02,475 91 640 477
1782404976.651043,1,1,moving,unknown,right,near,1,50.7,5.93,468 92 640 476
1782404976.695673,1,1,moving,unknown,right,near,1,53.3,7.32,461 92 640 477
1782404976.740941,1,1,moving,unknown,right,near,1,52.0,8.08,460 92 640 477
1782404976.779352,1,1,moving,unknown,right,near,1,114.8,11.58,378 96 640 478
1782404976.822176,1,1,moving,unknown,right,near,1,142.8,7.02,378 97 640 478
1782404976.864963,1,1,moving,unknown,right,near,1,125.3,8.81,415 97 640 478
1782404976.908011,1,1,moving,unknown,right,near,1,113.8,9.50,415 96 640 479
1782404976.950672,1,1,moving,unknown,right,near,1,121.8,16.74,390 89 640 477
1782404976.997881,1,1,moving,unknown,right,near,1,126.3,9.65,383 87 640 473
1782404977.041502,1,1,moving,unknown,right,near,1,157.2,15.21,348 82 640 475
1782404977.086644,1,1,moving,unknown,right,near,1,112.7,7.48,341 79 640 474
1782404977.129164,1,1,moving,unknown,right,near,1,94.9,6.81,337 77 640 474
1782404977.170673,1,1,moving,unknown,right,near,1,141.7,6.10,308 75 633 478
1782404977.212616,1,1,moving,unknown,right,near,1,188.4,11.57,298 70 616 478
1782404977.256084,1,1,moving,unknown,right,near,1,222.8,5.98,274 65 601 477
1782404977.296165,1,1,moving,unknown,center,near,1,257.8,5.66,262 64 587 478
1782404977.340784,1,1,moving,unknown,center,near,1,259.3,5.63,258 61 574 478
1782404977.378589,1,1,moving,unknown,center,near,1,286.5,10.78,249 60 550 477
1782404977.416582,1,1,moving,unknown,center,near,1,317.5,6.41,245 63 532 479
1782404977.456698,1,1,moving,unknown,center,near,1,319.2,6.90,240 61 518 479
1782404977.497576,1,1,moving,unknown,center,near,1,318.5,7.72,230 69 503 479
1782404977.541030,1,1,moving,unknown,center,near,1,298.8,9.34,218 71 498 478
1782404977.577691,1,1,moving,unknown,center,near,1,307.9,17.01,200 73 470 476
1782404977.615777,1,1,moving,unknown,center,near,1,314.6,9.46,188 74 469 477
1782404977.654593,2,1,moving,unknown,center,near,1,329.1,9.95,190 75 419 471
1782404977.702487,1,1,moving,unknown,center,near,1,348.5,9.83,170 77 397 471
1782404977.747567,1,1,moving,unknown,center,near,1,403.7,18.21,126 78 366 476
1782404977.785311,1,1,moving,unknown,center,near,1,427.4,10.65,124 77 349 478
1782404977.822404,1,1,moving,unknown,center,near,1,458.8,10.58,116 74 324 478
1782404977.861021,1,1,moving,unknown,left,near,1,462.1,10.55,100 71 307 478
1782404977.900738,1,1,moving,unknown,left,near,1,473.7,10.78,87 68 293 479
1782404977.937227,1,1,moving,unknown,left,near,1,463.7,10.99,76 66 277 479
1782404977.982747,1,1,moving,unknown,left,near,1,446.1,10.92,62 63 265 479
1782404978.026478,1,1,moving,unknown,left,near,1,417.0,18.77,40 61 236 478
1782404978.066406,1,1,moving,unknown,left,near,1,403.7,10.78,26 58 228 478
1782404978.105312,1,1,moving,unknown,left,near,1,399.3,18.97,5 60 212 477
1782404978.148690,1,1,moving,unknown,left,near,1,379.4,10.02,0 60 200 478
1782404978.191026,1,1,moving,unknown,left,near,1,356.0,9.67,0 63 187 477
1782404978.231484,1,1,moving,unknown,left,near,1,327.9,9.40,0 64 177 478
1782404978.271085,1,1,moving,unknown,left,near,1,301.8,9.12,0 68 168 478
1782404978.313233,1,1,moving,unknown,left,near,1,254.9,8.90,0 71 157 477
1782404978.356321,1,1,moving,unknown,left,near,1,227.3,13.89,0 78 140 476
1782404978.394506,1,1,moving,unknown,left,near,1,186.9,6.07,0 80 135 476
1782404978.433538,1,1,moving,unknown,left,near,1,157.5,5.48,0 81 130 475
1782404978.473654,1,1,moving,unknown,left,near,1,134.6,9.01,0 79 125 476
1782404978.512719,1,1,still,unknown,left,near,0,115.7,4.06,0 84 125 476
1782404978.554568,1,1,moving,unknown,left,near,1,108.3,5.57,0 32 124 478
1782404978.594901,1,1,moving,unknown,left,near,1,130.8,13.64,0 147 121 480
1782404978.634906,1,1,moving,unknown,left,near,1,136.4,7.59,0 151 118 478
1782404978.691177,1,1,moving,unknown,left,near,1,102.5,14.40,0 42 114 479
1782404978.739766,1,1,moving,unknown,left,near,1,67.9,10.00,0 69 111 479
1782404978.780854,1,1,moving,unknown,left,near,1,47.3,6.02,0 79 109 480
1782404978.820990,1,1,still,unknown,left,near,0,40.2,4.48,0 94 109 479
1782404978.863601,1,1,still,unknown,left,near,0,73.3,2.47,0 94 108 480
1782404978.905494,1,1,still,unknown,left,near,0,78.9,2.05,0 96 107 480
1782404978.947450,1,1,still,unknown,left,near,0,81.2,1.89,0 98 107 480
1782404978.994027,1,1,still,unknown,left,near,0,90.1,2.95,0 101 105 480
1782404979.037094,1,1,still,unknown,left,near,0,75.3,1.26,0 104 104 480
1782404979.078783,1,1,still,unknown,left,near,0,61.6,1.11,0 107 104 480
1782404979.116866,1,1,still,unknown,left,near,0,44.3,1.87,0 107 102 480
1782404979.157504,1,1,still,unknown,left,near,0,43.6,1.45,0 118 101 480
1782404979.199288,1,1,still,unknown,left,near,0,44.1,1.60,0 121 99 480
1782404979.240880,1,1,still,unknown,left,near,0,42.9,1.85,0 122 98 479
1782404979.283100,1,1,still,unknown,left,near,0,39.1,3.40,0 119 94 479
1782404979.324148,1,1,still,unknown,left,near,0,35.9,1.64,0 120 93 479
1782404979.365772,1,1,still,unknown,left,near,0,31.6,1.33,0 119 92 478
1782404979.406281,1,1,still,unknown,left,near,0,27.4,1.23,0 120 92 476
1782404979.448300,1,1,still,unknown,left,near,0,21.7,1.48,0 120 91 477
1782404979.490680,1,1,still,unknown,left,near,0,20.4,3.92,0 120 89 478
1782404979.531860,1,1,still,unknown,left,near,0,19.5,2.69,0 124 87 477
1782404979.571537,1,1,still,unknown,left,near,0,18.7,2.98,0 124 84 476
1782404979.610659,1,1,moving,unknown,left,near,1,19.7,5.91,0 128 83 476
1782404979.648824,1,1,still,unknown,left,near,0,22.7,2.88,0 132 83 476
1782404979.692447,1,1,still,unknown,left,near,0,27.1,2.57,0 130 78 478
1782404979.736817,1,1,still,unknown,left,near,0,30.2,2.31,0 133 76 476
1782404979.780746,1,1,still,unknown,left,near,0,40.8,2.31,0 141 66 476
1782404979.817519,1,1,still,unknown,left,near,0,48.0,2.99,0 142 63 480
1782404979.858875,1,1,still,unknown,left,near,0,55.6,1.65,0 149 63 480
1782404979.900659,1,1,still,unknown,left,near,0,52.4,1.73,0 144 62 480
1782404979.944356,1,1,still,unknown,left,near,0,46.3,2.15,0 141 62 479
1782404979.987638,1,1,still,unknown,left,near,0,42.8,3.45,0 148 63 478
1782404980.033813,1,1,still,unknown,left,near,0,36.6,1.70,0 147 65 476
1782404980.077439,1,1,still,unknown,left,near,0,21.5,1.69,0 146 65 475
1782404980.119591,1,1,still,unknown,left,near,0,16.1,1.82,0 144 69 475
1782404980.162779,1,1,still,unknown,left,near,0,21.3,3.87,0 143 74 475
1782404980.204712,1,1,still,unknown,left,near,0,28.6,2.59,0 134 74 471
1782404980.243506,1,1,still,unknown,left,near,0,30.3,2.69,0 134 75 472
1782404980.285102,1,1,moving,unknown,left,near,1,29.5,5.89,0 139 78 477
1782404980.329842,1,1,still,unknown,left,near,0,29.9,3.95,0 142 82 478
1782404980.371808,1,1,still,unknown,left,near,0,35.5,4.29,0 150 88 479
1782404980.411705,1,1,still,unknown,left,near,0,36.8,4.53,0 151 90 476
1782404980.453489,1,1,still,unknown,left,near,0,36.0,4.71,0 150 92 478
1782404980.496473,1,1,moving,unknown,left,near,1,46.5,8.42,0 152 96 479
1782404980.538169,1,1,still,unknown,left,near,0,55.7,4.55,0 154 100 480
1782404980.581766,1,1,still,unknown,left,near,0,55.4,4.63,0 155 106 480
1782404980.621843,1,1,moving,unknown,left,near,1,57.3,8.16,0 153 114 479
1782404980.659698,1,1,still,unknown,left,near,0,56.1,4.07,0 155 119 479
1782404980.698798,1,1,still,unknown,left,near,0,56.9,3.77,0 154 122 479
1782404980.741122,1,1,still,unknown,left,near,0,55.7,3.45,0 154 123 479
1782404980.784332,1,1,still,unknown,left,near,0,51.1,3.09,0 154 123 479
1782404980.826616,1,1,still,unknown,left,near,0,45.4,2.83,0 154 123 479
1782404980.870061,1,1,still,stand,left,near,0,39.8,4.50,0 156 125 479
1782404980.913529,1,1,still,stand,left,near,0,29.9,2.37,0 156 126 479
1782404980.955527,1,1,still,stand,left,near,0,21.3,3.97,0 157 127 479
1782404980.999652,1,1,still,stand,left,near,0,15.1,1.91,0 156 127 479
1782404981.045222,1,1,still,stand,left,near,0,11.8,1.94,0 156 127 479
1782404981.086849,1,1,still,stand,left,near,0,10.5,3.14,0 157 128 477
1782404981.124461,1,1,still,unknown,left,near,0,10.0,1.53,0 158 128 478
1782404981.165835,1,1,still,unknown,left,near,0,7.8,1.42,0 158 128 478
1782404981.205885,1,1,still,unknown,left,near,0,6.8,1.45,0 158 129 478
1782404981.251740,1,1,still,unknown,left,near,0,5.5,1.33,0 158 129 478
1782404981.294811,1,1,still,stand,left,near,0,5.3,2.22,0 158 130 477
1782404981.339407,1,1,still,stand,left,near,0,5.3,1.33,0 158 130 478
1782404981.382723,1,1,still,stand,left,near,0,6.2,1.23,0 159 132 478
1782404981.421374,1,1,still,stand,left,near,0,8.3,2.07,0 159 134 479
1782404981.464618,1,1,still,stand,left,near,0,10.4,1.20,0 159 136 478
1782404981.509668,1,1,still,stand,left,near,0,11.4,1.07,0 159 136 479
1782404981.551035,1,1,still,stand,left,near,0,13.0,1.13,0 159 137 479
1782404981.590741,1,1,still,stand,left,near,0,13.3,1.04,0 159 138 478
1782404981.634733,1,1,still,stand,left,near,0,12.9,1.62,0 159 138 478
1782404981.677401,1,1,still,stand,left,near,0,11.3,1.05,0 159 137 477
1782404981.721639,1,1,still,stand,left,near,0,8.4,1.02,0 159 137 478
1782404981.760733,1,1,still,stand,left,near,0,5.8,1.62,0 159 136 477
1782404981.800870,1,1,still,stand,left,near,0,4.4,1.05,0 159 136 477
1782404981.842880,1,1,still,stand,left,near,0,5.0,1.07,0 158 136 477
1782404981.889830,1,1,still,stand,left,near,0,4.4,1.97,0 159 137 477
1782404981.934622,1,1,still,stand,left,near,0,3.6,1.38,0 159 138 477
1782404981.972645,1,1,still,stand,left,near,0,3.4,1.37,0 158 138 476
1782404982.014459,1,1,still,stand,left,near,0,3.7,1.52,0 158 138 476
1782404982.058665,1,1,still,stand,left,near,0,5.0,1.66,0 158 139 476
1782404982.098857,1,1,still,unknown,left,near,0,6.7,3.42,0 158 141 477
1782404982.141604,1,1,still,unknown,left,near,0,7.3,2.23,0 158 141 477
1782404982.179501,1,1,still,unknown,left,near,0,7.6,2.29,0 158 142 477
1782404982.218986,1,1,still,unknown,left,near,0,6.0,3.85,0 156 140 478
1782404982.258647,1,1,still,unknown,left,near,0,5.3,2.43,0 154 138 478
1782404982.298664,1,1,still,unknown,left,near,0,6.4,2.57,0 152 137 478
1782404982.339554,1,1,still,unknown,left,near,0,7.7,2.54,0 151 137 478
1782404982.386046,1,1,still,unknown,left,near,0,10.7,2.54,0 150 137 478
1782404982.424687,1,1,still,unknown,left,near,0,13.6,4.28,0 149 136 478
1782404982.462605,1,1,still,unknown,left,near,0,16.0,2.22,0 149 136 478
1782404982.505576,1,1,still,unknown,left,near,0,14.8,2.17,0 148 136 478
1782404982.549176,1,1,still,unknown,left,near,0,13.2,2.09,0 147 137 478
1782404982.591884,1,1,still,unknown,left,near,0,11.6,3.52,0 146 138 478
1782404982.630728,1,1,still,unknown,left,near,0,11.5,1.81,0 145 138 478
1782404982.673362,1,1,still,unknown,left,near,0,11.1,1.82,0 145 138 478
1782404982.715566,1,1,still,unknown,left,near,0,11.5,1.77,0 143 139 478
1782404982.758036,1,1,still,unknown,left,near,0,11.7,1.70,0 143 139 478
1782404982.801686,1,1,still,unknown,left,near,0,12.0,3.07,0 143 141 478
1782404982.840826,1,1,still,unknown,left,near,0,11.8,1.69,0 143 141 478
1782404982.884947,1,1,still,unknown,left,near,0,10.7,1.72,0 143 142 478
1782404982.924244,1,1,still,unknown,left,near,0,12.7,3.56,0 143 147 479
1782404982.965405,1,1,still,unknown,left,near,0,16.7,2.14,0 143 150 479
1782404983.011085,1,1,still,unknown,left,near,0,19.6,2.35,0 143 152 479
1782404983.054474,1,1,still,unknown,left,near,0,22.5,2.57,0 142 154 479
1782404983.094988,1,1,still,unknown,left,near,0,24.8,2.69,0 142 157 479
1782404983.135661,1,1,moving,unknown,left,near,1,28.6,5.31,0 138 160 479
1782404983.179816,1,1,still,unknown,left,near,0,31.4,3.37,0 136 162 479
1782404983.244297,1,1,still,unknown,left,near,0,30.9,3.41,0 134 164 479
1782404983.286581,1,1,moving,unknown,left,near,1,33.2,5.53,0 131 169 478
1782404983.327718,1,1,still,unknown,left,near,0,35.8,4.91,0 129 170 476
1782404983.370883,1,1,still,unknown,left,near,0,38.4,2.58,0 127 172 475
1782404983.413126,1,1,still,unknown,left,near,0,39.8,2.46,0 126 173 475
1782404983.451002,1,1,still,unknown,left,near,0,38.7,2.33,0 124 175 475
1782404983.496712,1,1,still,unknown,left,near,0,38.5,2.09,0 124 178 474
1782404983.536006,1,1,still,unknown,left,near,0,38.8,3.29,0 122 181 475
1782404983.576541,1,1,still,unknown,left,near,0,33.6,1.84,0 121 181 476
1782404983.617666,1,1,still,unknown,left,near,0,28.6,1.81,0 121 182 477
1782404983.660982,1,1,still,unknown,left,near,0,23.9,2.02,0 120 182 479
1782404983.700874,1,1,still,unknown,left,near,0,20.7,4.07,0 118 182 479
1782404983.740779,1,1,still,unknown,left,near,0,17.9,2.54,0 118 184 479
1782404983.781764,1,1,still,unknown,left,near,0,16.4,2.89,0 118 186 480
1782404983.822634,1,1,still,unknown,left,near,0,14.3,2.99,0 118 188 479
1782404983.865310,1,1,still,unknown,left,near,0,14.0,3.14,0 117 189 479
1782404983.913791,1,1,moving,unknown,left,near,1,20.2,5.76,0 112 196 479
1782404983.952672,1,1,still,unknown,left,near,0,29.6,3.40,0 107 200 477
1782404983.994550,1,1,still,unknown,left,near,0,40.6,3.51,0 102 206 476
1782404984.038820,1,1,moving,unknown,left,near,1,50.5,5.68,0 97 210 476
1782404984.079584,1,1,still,unknown,left,near,0,57.6,2.54,0 94 213 476
1782404984.123255,1,1,still,unknown,left,near,0,61.1,2.40,0 92 215 477
1782404984.164297,1,1,still,unknown,left,near,0,64.7,2.22,0 90 217 477
1782404984.203126,1,1,still,unknown,left,near,0,65.7,4.53,0 84 219 476
1782404984.245313,1,1,still,unknown,left,near,0,61.4,2.94,0 81 221 477
1782404984.285685,1,1,still,unknown,left,near,0,54.7,3.09,0 80 223 476
1782404984.324858,1,1,still,unknown,left,near,0,48.4,3.42,0 78 227 477
1782404984.368049,1,1,moving,unknown,left,near,1,52.3,7.46,0 76 240 477
1782404984.410686,1,1,moving,unknown,left,near,1,57.0,5.07,0 76 246 476
1782404984.449878,1,1,moving,unknown,left,near,1,61.8,5.74,0 75 252 476
1782404984.491112,1,1,moving,unknown,left,near,1,65.7,6.31,0 74 258 477
1782404984.534308,1,1,moving,unknown,left,near,1,69.0,6.94,0 75 262 476
1782404984.584098,1,1,moving,unknown,left,near,1,84.4,14.21,0 78 283 478
1782404984.621711,1,1,moving,unknown,left,near,1,100.6,8.70,0 77 296 479
1782404984.663971,1,1,moving,unknown,left,near,1,105.2,8.98,0 78 305 479
1782404984.702654,1,1,moving,unknown,left,near,1,112.2,17.00,0 80 315 477
1782404984.743695,1,1,moving,unknown,left,near,1,134.0,9.20,8 78 336 477
1782404984.784288,1,1,moving,unknown,left,near,1,171.6,9.58,30 77 351 478
1782404984.821867,1,1,moving,unknown,left,near,1,218.1,9.88,50 74 365 476
1782404984.862992,1,1,moving,unknown,center,near,1,257.5,9.42,68 71 380 477
1782404984.907721,1,1,moving,unknown,center,near,1,304.4,8.94,85 67 412 477
1782404984.948819,1,1,moving,unknown,center,near,1,395.7,14.86,119 64 464 477
1782404984.994644,1,1,moving,unknown,center,near,1,448.2,7.99,135 59 472 477
1782404985.037855,1,1,moving,unknown,center,near,1,475.2,15.65,168 57 471 480
1782404985.077167,1,1,moving,unknown,center,near,1,484.6,9.07,188 56 482 478
1782404985.117696,1,1,moving,unknown,center,near,1,480.9,9.74,204 52 492 479
1782404985.160794,1,1,moving,unknown,center,near,1,473.0,10.05,223 51 501 476
1782404985.201596,1,1,moving,unknown,center,near,1,465.2,20.37,247 55 519 478
1782404985.247885,1,1,moving,unknown,center,near,1,397.7,11.85,248 55 531 479
1782404985.289603,1,1,moving,unknown,center,near,1,388.4,13.57,291 57 540 478
1782404985.328720,1,1,moving,unknown,right,near,1,397.8,14.43,317 54 559 477
1782404985.375175,1,1,moving,unknown,right,near,1,402.3,15.41,340 57 572 477
1782404985.421008,1,1,moving,unknown,right,near,1,444.0,34.97,384 57 607 479
1782404985.457676,1,1,moving,unknown,right,near,1,483.0,20.16,402 59 633 478
1782404985.495910,1,1,moving,unknown,right,near,1,496.6,21.72,426 58 640 479
1782404985.542812,1,1,moving,unknown,right,near,1,532.6,38.62,475 53 640 478
1782404985.586993,1,1,moving,unknown,right,near,1,504.8,19.72,474 44 640 479
1782404985.630138,1,1,moving,unknown,right,near,1,455.9,16.37,481 39 640 480
1782404985.670089,1,1,moving,unknown,right,near,1,437.8,19.12,518 30 640 475
1782404985.712988,1,1,moving,unknown,right,near,1,410.5,41.61,573 29 640 480
1782404985.755615,1,1,moving,unknown,right,near,1,388.8,18.24,585 165 640 480
1782404985.798915,1,1,moving,unknown,right,near,1,365.3,16.86,603 164 640 480
1782404985.845760,0,0,empty,na,na,na,0,0.0,0.00,
1782404985.887780,0,0,empty,na,na,na,0,0.0,0.00,
1782404985.931081,0,0,empty,na,na,na,0,0.0,0.00,
1782404985.971490,0,0,empty,na,na,na,0,0.0,0.00,
1782404986.019652,0,0,empty,na,na,na,0,0.0,0.00,
1782404986.060739,0,0,empty,na,na,na,0,0.0,0.00,
1782404986.101470,0,0,empty,na,na,na,0,0.0,0.00,
1782404986.138231,0,0,empty,na,na,na,0,0.0,0.00,
1782404986.180797,0,0,empty,na,na,na,0,0.0,0.00,
1782404986.226187,0,0,empty,na,na,na,0,0.0,0.00,
1782404986.268789,0,0,empty,na,na,na,0,0.0,0.00,
1782404986.304869,0,0,empty,na,na,na,0,0.0,0.00,
1782404986.337434,0,0,empty,na,na,na,0,0.0,0.00,
1782404986.374718,0,0,empty,na,na,na,0,0.0,0.00,
1782404986.412823,0,0,empty,na,na,na,0,0.0,0.00,
1782404986.457376,0,0,empty,na,na,na,0,0.0,0.00,
1782404986.493517,0,0,empty,na,na,na,0,0.0,0.00,
1782404986.534603,0,0,empty,na,na,na,0,0.0,0.00,
1782404986.571798,0,0,empty,na,na,na,0,0.0,0.00,
1782404986.611095,0,0,empty,na,na,na,0,0.0,0.00,
1782404986.650138,0,0,empty,na,na,na,0,0.0,0.00,
1782404986.690768,0,0,empty,na,na,na,0,0.0,0.00,
1782404986.733345,0,0,empty,na,na,na,0,0.0,0.00,
1782404986.769515,0,0,empty,na,na,na,0,0.0,0.00,
1782404986.806314,0,0,empty,na,na,na,0,0.0,0.00,
1782404986.842447,0,0,empty,na,na,na,0,0.0,0.00,
1782404986.879334,0,0,empty,na,na,na,0,0.0,0.00,
1782404986.917644,0,0,empty,na,na,na,0,0.0,0.00,
1782404986.963317,0,0,empty,na,na,na,0,0.0,0.00,
1782404987.003534,0,0,empty,na,na,na,0,0.0,0.00,
1782404987.044051,0,0,empty,na,na,na,0,0.0,0.00,
1782404987.080997,0,0,empty,na,na,na,0,0.0,0.00,
1782404987.116590,0,0,empty,na,na,na,0,0.0,0.00,
1782404987.153454,0,0,empty,na,na,na,0,0.0,0.00,
1782404987.196784,0,0,empty,na,na,na,0,0.0,0.00,
1782404987.231760,0,0,empty,na,na,na,0,0.0,0.00,
1782404987.268329,0,0,empty,na,na,na,0,0.0,0.00,
1782404987.308623,0,0,empty,na,na,na,0,0.0,0.00,
1782404987.344740,0,0,empty,na,na,na,0,0.0,0.00,
1782404987.383271,0,0,empty,na,na,na,0,0.0,0.00,
1782404987.418696,0,0,empty,na,na,na,0,0.0,0.00,
1782404987.456799,0,0,empty,na,na,na,0,0.0,0.00,
1782404987.495706,0,0,empty,na,na,na,0,0.0,0.00,
1782404987.539368,0,0,empty,na,na,na,0,0.0,0.00,
1782404987.575616,0,0,empty,na,na,na,0,0.0,0.00,
1782404987.616902,0,0,empty,na,na,na,0,0.0,0.00,
1782404987.654534,0,0,empty,na,na,na,0,0.0,0.00,
1782404987.692797,0,0,empty,na,na,na,0,0.0,0.00,
1782404987.730903,0,0,empty,na,na,na,0,0.0,0.00,
1782404987.771810,0,0,empty,na,na,na,0,0.0,0.00,
1782404987.811129,0,0,empty,na,na,na,0,0.0,0.00,
1782404987.850744,0,0,empty,na,na,na,0,0.0,0.00,
1782404987.886701,0,0,empty,na,na,na,0,0.0,0.00,
1782404987.920795,0,0,empty,na,na,na,0,0.0,0.00,
1782404987.961607,0,0,empty,na,na,na,0,0.0,0.00,
1782404987.996726,0,0,empty,na,na,na,0,0.0,0.00,
1782404988.039830,0,0,empty,na,na,na,0,0.0,0.00,
1782404988.076485,0,0,empty,na,na,na,0,0.0,0.00,
1782404988.111173,0,0,empty,na,na,na,0,0.0,0.00,
1782404988.148947,0,0,empty,na,na,na,0,0.0,0.00,
1782404988.183488,0,0,empty,na,na,na,0,0.0,0.00,
1782404988.224731,0,0,empty,na,na,na,0,0.0,0.00,
1782404988.264615,0,0,empty,na,na,na,0,0.0,0.00,
1782404988.303799,0,0,empty,na,na,na,0,0.0,0.00,
1782404988.340831,0,0,empty,na,na,na,0,0.0,0.00,
1782404988.377456,0,0,empty,na,na,na,0,0.0,0.00,
1782404988.414383,0,0,empty,na,na,na,0,0.0,0.00,
1782404988.448650,0,0,empty,na,na,na,0,0.0,0.00,
1782404988.487328,0,0,empty,na,na,na,0,0.0,0.00,
1782404988.527499,0,0,empty,na,na,na,0,0.0,0.00,
1782404988.565553,0,0,empty,na,na,na,0,0.0,0.00,
1782404988.603664,0,0,empty,na,na,na,0,0.0,0.00,
1782404988.642866,0,0,empty,na,na,na,0,0.0,0.00,
1782404988.682456,0,0,empty,na,na,na,0,0.0,0.00,
1782404988.724443,0,0,empty,na,na,na,0,0.0,0.00,
1782404988.761070,0,0,empty,na,na,na,0,0.0,0.00,
1782404988.796742,0,0,empty,na,na,na,0,0.0,0.00,
1782404988.831392,0,0,empty,na,na,na,0,0.0,0.00,
1782404988.871127,0,0,empty,na,na,na,0,0.0,0.00,
1782404988.914332,0,0,empty,na,na,na,0,0.0,0.00,
1782404988.952485,0,0,empty,na,na,na,0,0.0,0.00,
1782404988.987424,0,0,empty,na,na,na,0,0.0,0.00,
1782404989.031116,0,0,empty,na,na,na,0,0.0,0.00,
1782404989.068557,0,0,empty,na,na,na,0,0.0,0.00,
1782404989.108756,0,0,empty,na,na,na,0,0.0,0.00,
1782404989.148453,0,0,empty,na,na,na,0,0.0,0.00,
1782404989.198577,0,0,empty,na,na,na,0,0.0,0.00,
1782404989.252548,0,0,empty,na,na,na,0,0.0,0.00,
1782404989.290735,0,0,empty,na,na,na,0,0.0,0.00,
1782404989.332784,0,0,empty,na,na,na,0,0.0,0.00,
1782404989.371743,0,0,empty,na,na,na,0,0.0,0.00,
1782404989.408370,0,0,empty,na,na,na,0,0.0,0.00,
1782404989.446572,0,0,empty,na,na,na,0,0.0,0.00,
1782404989.482731,0,0,empty,na,na,na,0,0.0,0.00,
1782404989.517837,0,0,empty,na,na,na,0,0.0,0.00,
1782404989.560849,0,0,empty,na,na,na,0,0.0,0.00,
1782404989.598669,0,0,empty,na,na,na,0,0.0,0.00,
1782404989.639092,0,0,empty,na,na,na,0,0.0,0.00,
1782404989.679288,0,0,empty,na,na,na,0,0.0,0.00,
1782404989.721045,0,0,empty,na,na,na,0,0.0,0.00,
1782404989.755576,0,0,empty,na,na,na,0,0.0,0.00,
1782404989.793809,0,0,empty,na,na,na,0,0.0,0.00,
1782404989.830970,0,0,empty,na,na,na,0,0.0,0.00,
1782404989.865543,0,0,empty,na,na,na,0,0.0,0.00,
1782404989.904538,0,0,empty,na,na,na,0,0.0,0.00,
1782404989.947243,0,0,empty,na,na,na,0,0.0,0.00,
1782404989.987347,0,0,empty,na,na,na,0,0.0,0.00,
1782404990.026561,0,0,empty,na,na,na,0,0.0,0.00,
1782404990.064808,0,0,empty,na,na,na,0,0.0,0.00,
1782404990.099385,0,0,empty,na,na,na,0,0.0,0.00,
1782404990.138508,0,0,empty,na,na,na,0,0.0,0.00,
1782404990.177906,0,0,empty,na,na,na,0,0.0,0.00,
1782404990.219662,0,0,empty,na,na,na,0,0.0,0.00,
1782404990.257622,0,0,empty,na,na,na,0,0.0,0.00,
1782404990.292613,0,0,empty,na,na,na,0,0.0,0.00,
1782404990.328676,0,0,empty,na,na,na,0,0.0,0.00,
1782404990.370827,0,0,empty,na,na,na,0,0.0,0.00,
1782404990.413657,0,0,empty,na,na,na,0,0.0,0.00,
1782404990.455968,0,0,empty,na,na,na,0,0.0,0.00,
1782404990.495503,0,0,empty,na,na,na,0,0.0,0.00,
1782404990.532605,0,0,empty,na,na,na,0,0.0,0.00,
1782404990.571651,0,0,empty,na,na,na,0,0.0,0.00,
1782404990.615824,0,0,empty,na,na,na,0,0.0,0.00,
1782404990.661016,0,0,empty,na,na,na,0,0.0,0.00,
1782404990.702685,0,0,empty,na,na,na,0,0.0,0.00,
1782404990.744752,0,0,empty,na,na,na,0,0.0,0.00,
1782404990.785342,0,0,empty,na,na,na,0,0.0,0.00,
1782404990.824302,0,0,empty,na,na,na,0,0.0,0.00,
1782404990.861412,0,0,empty,na,na,na,0,0.0,0.00,
1782404990.900753,0,0,empty,na,na,na,0,0.0,0.00,
1782404990.936759,0,0,empty,na,na,na,0,0.0,0.00,
1782404990.977504,0,0,empty,na,na,na,0,0.0,0.00,
1782404991.023247,0,0,empty,na,na,na,0,0.0,0.00,
1782404991.065636,0,0,empty,na,na,na,0,0.0,0.00,
1782404991.108193,0,0,empty,na,na,na,0,0.0,0.00,
1782404991.153744,0,0,empty,na,na,na,0,0.0,0.00,
1782404991.194521,0,0,empty,na,na,na,0,0.0,0.00,
1782404991.234657,0,0,empty,na,na,na,0,0.0,0.00,
1782404991.272352,0,0,empty,na,na,na,0,0.0,0.00,
1782404991.311524,0,0,empty,na,na,na,0,0.0,0.00,
1782404991.349939,0,0,empty,na,na,na,0,0.0,0.00,
1782404991.386561,0,0,empty,na,na,na,0,0.0,0.00,
1782404991.425719,0,0,empty,na,na,na,0,0.0,0.00,
1782404991.460783,0,0,empty,na,na,na,0,0.0,0.00,
1782404991.498765,0,0,empty,na,na,na,0,0.0,0.00,
1782404991.539563,0,0,empty,na,na,na,0,0.0,0.00,
1782404991.575671,0,0,empty,na,na,na,0,0.0,0.00,
1782404991.611371,0,0,empty,na,na,na,0,0.0,0.00,
1782404991.649518,0,0,empty,na,na,na,0,0.0,0.00,
1782404991.685936,0,0,empty,na,na,na,0,0.0,0.00,
1782404991.726614,0,0,empty,na,na,na,0,0.0,0.00,
1782404991.766713,0,0,empty,na,na,na,0,0.0,0.00,
1782404991.809309,0,0,empty,na,na,na,0,0.0,0.00,
1782404991.848601,0,0,empty,na,na,na,0,0.0,0.00,
1782404991.889757,0,0,empty,na,na,na,0,0.0,0.00,
1782404991.923537,0,0,empty,na,na,na,0,0.0,0.00,
1782404991.969007,0,0,empty,na,na,na,0,0.0,0.00,
1782404992.014060,0,0,empty,na,na,na,0,0.0,0.00,
1782404992.056589,0,0,empty,na,na,na,0,0.0,0.00,
1782404992.091709,0,0,empty,na,na,na,0,0.0,0.00,
1782404992.130938,0,0,empty,na,na,na,0,0.0,0.00,
1782404992.192712,0,0,empty,na,na,na,0,0.0,0.00,
1782404992.276432,0,0,empty,na,na,na,0,0.0,0.00,
1782404992.334995,0,0,empty,na,na,na,0,0.0,0.00,
1782404992.382698,0,0,empty,na,na,na,0,0.0,0.00,
1782404992.422825,0,0,empty,na,na,na,0,0.0,0.00,
1782404992.459550,0,0,empty,na,na,na,0,0.0,0.00,
1782404992.499768,0,0,empty,na,na,na,0,0.0,0.00,
1782404992.539916,0,0,empty,na,na,na,0,0.0,0.00,
1782404992.579527,0,0,empty,na,na,na,0,0.0,0.00,
1782404992.625602,0,0,empty,na,na,na,0,0.0,0.00,
1782404992.666818,0,0,empty,na,na,na,0,0.0,0.00,
1782404992.707608,0,0,empty,na,na,na,0,0.0,0.00,
1782404992.745246,0,0,empty,na,na,na,0,0.0,0.00,
1782404992.782501,0,0,empty,na,na,na,0,0.0,0.00,
1782404992.817608,0,0,empty,na,na,na,0,0.0,0.00,
1782404992.858764,0,0,empty,na,na,na,0,0.0,0.00,
1782404992.895250,0,0,empty,na,na,na,0,0.0,0.00,
1782404992.935469,0,0,empty,na,na,na,0,0.0,0.00,
1782404992.972257,0,0,empty,na,na,na,0,0.0,0.00,
1782404993.010914,0,0,empty,na,na,na,0,0.0,0.00,
1782404993.056747,0,0,empty,na,na,na,0,0.0,0.00,
1782404993.098148,0,0,empty,na,na,na,0,0.0,0.00,
1782404993.132762,0,0,empty,na,na,na,0,0.0,0.00,
1782404993.168875,0,0,empty,na,na,na,0,0.0,0.00,
1782404993.204317,0,0,empty,na,na,na,0,0.0,0.00,
1782404993.243248,0,0,empty,na,na,na,0,0.0,0.00,
1782404993.282949,0,0,empty,na,na,na,0,0.0,0.00,
1782404993.326622,0,0,empty,na,na,na,0,0.0,0.00,
1782404993.362594,0,0,empty,na,na,na,0,0.0,0.00,
1782404993.402425,0,0,empty,na,na,na,0,0.0,0.00,
1782404993.443777,0,0,empty,na,na,na,0,0.0,0.00,
1782404993.480934,0,0,empty,na,na,na,0,0.0,0.00,
1782404993.521513,0,0,empty,na,na,na,0,0.0,0.00,
1782404993.557686,0,0,empty,na,na,na,0,0.0,0.00,
1782404993.595372,0,0,empty,na,na,na,0,0.0,0.00,
1782404993.631563,0,0,empty,na,na,na,0,0.0,0.00,
1782404993.671873,0,0,empty,na,na,na,0,0.0,0.00,
1782404993.709596,0,0,empty,na,na,na,0,0.0,0.00,
1782404993.752669,0,0,empty,na,na,na,0,0.0,0.00,
1782404993.791781,0,0,empty,na,na,na,0,0.0,0.00,
1782404993.835372,0,0,empty,na,na,na,0,0.0,0.00,
1782404993.873775,1,1,moving,unknown,right,near,1,0.0,7.97,581 65 640 480
1782404993.911146,1,1,moving,unknown,right,near,1,179.9,5.75,571 90 640 480
1782404993.952843,1,1,moving,unknown,right,near,1,238.0,5.86,558 105 640 480
1782404993.996123,1,1,moving,unknown,right,near,1,223.8,6.26,551 106 640 480
1782404994.038029,1,1,moving,unknown,right,near,1,225.7,10.96,522 111 640 480
1782404994.082762,1,1,moving,unknown,right,near,1,215.4,6.97,509 111 640 480
1782404994.125260,1,1,moving,unknown,right,near,1,200.6,7.83,501 113 640 480
1782404994.166622,1,1,moving,unknown,right,near,1,192.5,7.49,486 117 640 480
1782404994.212731,1,1,moving,unknown,right,near,1,189.5,14.01,464 124 640 480
1782404994.251290,1,1,moving,unknown,right,near,1,183.5,7.78,454 127 640 480
1782404994.291541,1,1,moving,unknown,right,near,1,182.4,7.74,447 131 640 480
1782404994.333318,1,1,moving,unknown,right,near,1,170.6,12.28,431 133 640 480
1782404994.376617,1,1,moving,unknown,right,near,1,160.7,5.37,424 135 640 480
1782404994.418460,1,1,still,unknown,right,near,0,152.8,4.83,420 138 640 480
1782404994.464398,1,1,moving,unknown,right,near,1,145.9,7.89,407 141 640 480
1782404994.508542,1,1,still,unknown,right,near,0,127.2,3.71,403 144 640 480
1782404994.548334,1,1,still,unknown,right,near,0,110.6,3.46,402 145 640 480
1782404994.588418,1,1,still,unknown,right,near,0,96.7,3.17,400 145 640 480
1782404994.631752,1,1,still,unknown,right,near,0,79.2,3.12,397 146 640 480
1782404994.674456,1,1,still,unknown,right,near,0,69.5,4.82,391 149 640 480
1782404994.713691,1,1,still,unknown,right,near,0,62.2,2.37,390 151 640 480
1782404994.753863,1,1,still,unknown,right,near,0,48.7,2.11,390 152 640 480
1782404994.794897,1,1,still,unknown,right,near,0,38.6,1.90,390 153 640 480
1782404994.839527,1,1,still,unknown,right,near,0,31.1,2.79,391 154 640 480
1782404994.881080,1,1,still,unknown,right,near,0,25.8,1.43,392 155 640 480
1782404994.923994,1,1,still,unknown,right,near,0,21.2,1.22,392 155 640 480
1782404994.965371,1,1,still,unknown,right,near,0,15.6,1.09,392 155 640 480
1782404995.007512,1,1,still,unknown,right,near,0,11.7,1.61,390 155 640 480
1782404995.052927,1,1,still,unknown,right,near,0,9.0,0.96,391 155 640 480
1782404995.098031,1,1,still,unknown,right,near,0,6.7,0.98,391 156 640 480
1782404995.136575,1,1,still,unknown,right,near,0,5.1,1.65,390 156 640 480
1782404995.180734,1,1,still,unknown,right,near,0,5.0,1.06,389 156 640 480
1782404995.220981,1,1,still,unknown,right,near,0,4.9,1.29,389 156 640 480
1782404995.263787,1,1,still,unknown,right,near,0,4.4,1.31,390 156 640 480
1782404995.308611,1,1,still,unknown,right,near,0,3.4,1.28,390 157 640 480
1782404995.348786,1,1,still,unknown,right,near,0,3.4,2.09,392 157 640 480
1782404995.391086,1,1,still,unknown,right,near,0,4.7,1.19,394 158 640 480
1782404995.432781,1,1,still,unknown,right,near,0,7.0,1.05,395 158 640 480
1782404995.475356,1,1,still,unknown,right,near,0,8.5,1.38,395 158 640 480
1782404995.520712,1,1,still,unknown,right,near,0,9.7,0.85,395 158 640 480
1782404995.562489,1,1,still,unknown,right,near,0,7.7,0.83,388 158 640 480
1782404995.605153,1,1,still,unknown,right,near,0,6.2,1.41,393 158 640 480
1782404995.644612,1,1,still,unknown,right,near,0,7.7,1.13,397 158 640 480
1782404995.685474,1,1,still,unknown,right,near,0,6.2,1.12,391 157 640 480
1782404995.732749,1,1,still,unknown,right,near,0,8.3,1.19,389 157 640 480
1782404995.772476,1,1,still,unknown,right,near,0,9.6,2.10,389 155 640 480
1782404995.812663,1,1,still,unknown,right,near,0,9.3,1.38,392 155 640 480
1782404995.852629,1,1,still,unknown,right,near,0,9.6,1.43,392 154 640 480
1782404995.895399,1,1,still,unknown,right,near,0,9.0,1.43,391 153 640 480
1782404995.935964,1,1,still,unknown,right,near,0,9.3,2.56,397 152 640 480
1782404995.974152,1,1,still,unknown,right,near,0,10.6,1.44,395 152 640 480
1782404996.016236,1,1,still,unknown,right,near,0,14.7,1.48,398 152 640 480
1782404996.057354,1,1,still,unknown,right,near,0,16.7,1.47,398 151 640 480
1782404996.096503,1,1,still,unknown,right,near,0,15.3,1.41,398 150 640 480
1782404996.139725,1,1,still,unknown,right,near,0,15.6,1.36,400 150 640 480
1782404996.179796,1,1,still,unknown,right,near,0,17.0,2.18,401 149 640 480
1782404996.222552,1,1,still,unknown,right,near,0,13.5,1.24,401 149 640 480
1782404996.263670,1,1,still,unknown,right,near,0,12.2,1.24,400 148 640 480
1782404996.300957,1,1,still,unknown,right,near,0,14.2,2.14,406 147 640 480
1782404996.349391,1,1,still,unknown,right,near,0,16.5,1.13,409 147 640 480
1782404996.387594,1,1,still,unknown,right,near,0,16.6,1.13,407 147 640 480
1782404996.424421,1,1,still,unknown,right,near,0,16.6,1.00,409 147 640 480
1782404996.461020,1,1,still,unknown,right,near,0,16.7,1.05,410 147 640 480
1782404996.504879,1,1,still,unknown,right,near,0,17.5,1.03,412 147 640 480
1782404996.545062,1,1,still,unknown,right,near,0,18.8,1.45,412 147 640 480
1782404996.589884,1,1,still,unknown,right,near,0,13.1,0.88,410 147 640 480
1782404996.629834,1,1,still,unknown,right,near,0,8.7,0.85,411 147 640 480
1782404996.666623,1,1,still,unknown,right,near,0,8.6,1.22,412 147 640 480
1782404996.706401,1,1,still,unknown,right,near,0,8.3,0.84,413 147 640 480
1782404996.749825,1,1,still,unknown,right,near,0,6.7,0.80,413 147 640 480
1782404996.793321,1,1,still,unknown,right,near,0,6.0,0.75,415 147 640 480
1782404996.830819,1,1,still,unknown,right,near,0,4.8,0.69,414 147 640 480
1782404996.876734,1,1,still,unknown,right,near,0,5.6,0.70,414 147 640 480
1782404996.917492,1,1,still,unknown,right,near,0,3.9,1.16,413 147 640 480
1782404996.958781,1,1,still,unknown,right,near,0,8.7,0.95,420 147 640 480
1782404997.006379,1,1,still,unknown,right,near,0,10.8,0.85,421 147 640 480
1782404997.051642,1,1,still,unknown,right,near,0,12.9,1.26,422 147 640 480
1782404997.095564,1,1,still,unknown,right,near,0,11.6,0.86,421 147 640 480
1782404997.137785,1,1,still,unknown,right,near,0,11.7,0.85,421 147 640 480
1782404997.178390,1,1,still,unknown,right,near,0,12.7,1.14,422 147 640 480
1782404997.219677,1,1,still,unknown,right,near,0,14.2,0.73,422 148 640 480
1782404997.264198,1,1,still,unknown,right,near,0,9.0,0.78,418 148 640 480
1782404997.303018,1,1,still,unknown,right,near,0,6.8,0.74,419 149 640 480
1782404997.339791,1,1,still,unknown,right,near,0,8.0,1.21,417 149 640 480
1782404997.381899,1,1,still,unknown,right,near,0,9.1,0.94,415 149 640 480
1782404997.423099,1,1,still,unknown,right,near,0,7.5,0.85,418 149 640 480
1782404997.465397,1,1,still,unknown,right,near,0,6.3,0.94,420 149 640 480
1782404997.504522,1,1,still,unknown,right,near,0,4.7,0.90,422 150 640 480
1782404997.544694,1,1,still,unknown,right,near,0,7.1,1.18,423 149 640 480
1782404997.589628,1,1,still,unknown,right,near,0,6.8,2.68,423 149 640 480
1782404997.630145,1,1,still,unknown,right,near,0,9.1,2.24,423 150 640 480
1782404997.675778,1,1,still,unknown,right,near,0,12.0,2.48,424 148 640 480
1782404997.716864,1,1,still,unknown,right,near,0,14.1,3.99,428 148 640 480
1782404997.757798,1,1,still,unknown,right,near,0,15.5,1.98,429 148 640 480
1782404997.803624,1,1,still,unknown,right,near,0,15.4,1.72,431 148 640 480
1782404997.847796,1,1,still,unknown,right,near,0,14.6,1.51,432 148 640 480
1782404997.888424,1,1,still,unknown,right,near,0,18.6,2.13,436 147 640 479
1782404997.932688,1,1,still,unknown,right,near,0,19.5,1.08,435 147 640 479
1782404997.974766,1,1,still,unknown,right,near,0,19.8,0.85,436 146 640 479
1782404998.017841,1,1,still,unknown,right,near,0,16.6,1.29,435 146 640 479
1782404998.058915,1,1,still,unknown,right,near,0,12.8,0.89,434 146 640 479
1782404998.103670,1,1,still,unknown,right,near,0,10.1,0.88,434 146 640 479
1782404998.142751,1,1,still,unknown,right,near,0,8.0,1.23,434 146 640 479
1782404998.182830,1,1,still,unknown,right,near,0,6.3,0.75,433 146 640 479
1782404998.226643,1,1,still,unknown,right,near,0,5.0,0.75,433 146 640 480
1782404998.267651,1,1,still,unknown,right,near,0,5.6,0.68,432 146 640 480
1782404998.306818,1,1,still,unknown,right,near,0,5.4,0.70,432 146 640 480
1782404998.348437,1,1,still,unknown,right,near,0,4.6,0.87,432 146 640 480
1782404998.393048,1,1,still,unknown,right,near,0,4.3,0.63,432 146 640 480
1782404998.431215,1,1,still,unknown,right,near,0,2.9,0.69,433 145 640 480
1782404998.471710,1,1,still,unknown,right,near,0,3.1,0.64,431 146 640 480
1782404998.512928,1,1,still,unknown,right,near,0,4.3,0.96,430 145 640 480
1782404998.552815,1,1,still,unknown,right,near,0,3.9,0.76,430 145 640 480
1782404998.591728,1,1,still,unknown,right,near,0,4.8,0.71,429 145 640 480
1782404998.634551,1,1,still,unknown,right,near,0,5.4,0.77,429 144 640 480
1782404998.678726,1,1,still,unknown,right,near,0,4.1,0.77,431 144 640 480
1782404998.716527,1,1,still,unknown,right,near,0,4.9,1.13,430 144 640 480
1782404998.757381,1,1,still,unknown,right,near,0,4.7,0.78,429 144 640 480
1782404998.799729,1,1,still,unknown,right,near,0,3.8,0.77,429 144 640 480
1782404998.836847,1,1,still,unknown,right,near,0,3.3,0.76,429 144 640 480
1782404998.879705,1,1,still,unknown,right,near,0,2.6,1.05,430 144 640 480
1782404998.919232,1,1,still,unknown,right,near,0,1.9,0.72,428 144 640 480
1782404998.962622,1,1,still,unknown,right,near,0,2.6,0.78,429 144 640 480
1782404999.005891,1,1,still,unknown,right,near,0,1.9,0.71,430 143 640 480
1782404999.063840,1,1,still,unknown,right,near,0,1.6,0.73,430 144 640 480
1782404999.110921,1,1,still,unknown,right,near,0,1.3,0.94,430 143 640 480
1782404999.153000,1,1,still,unknown,right,near,0,1.0,0.92,429 143 640 480
1782404999.196103,1,1,still,unknown,right,near,0,1.3,0.69,430 143 640 480
1782404999.245022,1,1,still,unknown,right,near,0,1.7,0.73,428 143 640 479
1782404999.287410,1,1,still,unknown,right,near,0,1.9,1.24,430 142 640 480
1782404999.326474,1,1,still,unknown,right,near,0,2.5,1.07,430 141 640 480
1782404999.367589,1,1,still,unknown,right,near,0,2.9,1.29,430 142 640 480
1782404999.414362,1,1,still,unknown,right,near,0,3.9,1.49,431 141 640 480
1782404999.454196,1,1,still,unknown,right,near,0,6.8,3.26,432 138 640 480
1782404999.490764,1,1,still,unknown,right,near,0,9.1,2.30,433 137 640 480
1782404999.535199,1,1,still,unknown,right,near,0,12.3,2.74,435 136 640 480
1782404999.577526,1,1,still,unknown,right,near,0,14.0,3.06,435 135 640 480
1782404999.621768,1,1,moving,unknown,right,near,1,15.8,6.57,433 132 640 480
1782404999.660877,1,1,still,unknown,right,near,0,17.8,3.88,428 130 640 480
1782404999.703430,1,1,still,unknown,right,near,0,20.8,3.75,424 129 640 480
1782404999.745577,1,1,still,unknown,right,near,0,23.1,3.53,422 128 640 480
1782404999.785685,1,1,moving,unknown,right,near,1,26.4,6.35,419 127 640 480
1782404999.828699,1,1,still,unknown,right,near,0,29.5,3.39,419 124 640 480
1782404999.870831,1,1,still,unknown,right,near,0,31.6,3.29,420 122 640 480
1782404999.910969,1,1,still,unknown,right,near,0,29.5,3.44,420 122 640 480
1782404999.953526,1,1,moving,unknown,right,near,1,24.5,5.96,422 120 640 480
1782404999.993805,1,1,still,unknown,right,near,0,21.9,2.53,422 118 640 480
1782405000.043802,1,1,still,unknown,right,near,0,21.9,2.33,422 115 640 480
1782405000.085919,1,1,still,unknown,right,near,0,22.1,2.09,423 114 640 480
1782405000.125726,1,1,still,unknown,right,near,0,23.2,3.25,425 111 640 480
1782405000.165304,1,1,still,unknown,right,near,0,23.4,1.76,424 109 640 480
1782405000.207075,1,1,still,unknown,right,near,0,24.9,1.62,424 107 640 480
1782405000.250064,1,1,still,unknown,right,near,0,24.3,1.55,422 106 640 480
1782405000.292646,1,1,still,unknown,right,near,0,24.0,2.40,414 106 640 480
1782405000.330895,1,1,still,unknown,right,near,0,23.7,1.68,411 107 640 480
1782405000.371362,1,1,still,unknown,right,near,0,28.3,1.97,405 107 640 480
1782405000.417397,1,1,still,unknown,right,near,0,43.5,4.35,391 107 640 480
1782405000.460939,1,1,still,unknown,right,near,0,56.8,3.01,383 108 640 480
1782405000.501025,1,1,still,unknown,right,near,0,70.2,3.33,375 108 640 480
1782405000.542415,1,1,still,unknown,right,near,0,82.6,3.68,366 107 640 480
1782405000.583394,1,1,still,unknown,right,near,0,93.3,4.88,354 108 640 480
1782405000.620991,1,1,moving,unknown,right,near,1,109.9,10.03,338 108 640 480
1782405000.662699,1,1,moving,unknown,right,near,1,125.4,6.37,323 108 640 480
1782405000.703958,1,1,moving,unknown,right,near,1,126.3,7.30,318 108 640 480
1782405000.748403,1,1,moving,unknown,right,near,1,126.7,7.24,310 104 640 480
1782405000.786562,1,1,moving,unknown,right,near,1,144.1,12.04,284 97 640 480
1782405000.823660,1,1,moving,unknown,right,near,1,149.9,6.44,280 95 640 480
1782405000.862885,1,1,moving,unknown,right,near,1,150.8,6.22,270 92 640 480
1782405000.903587,1,1,moving,unknown,right,near,1,142.2,5.73,265 90 640 480
1782405000.944690,1,1,moving,unknown,right,near,1,130.7,5.36,259 88 640 480
1782405000.989132,1,1,moving,unknown,right,near,1,123.8,5.10,254 86 640 480
1782405001.030821,1,1,moving,unknown,right,near,1,126.9,8.91,240 81 640 480
1782405001.073458,1,1,moving,unknown,right,near,1,111.3,5.10,231 81 640 480
1782405001.110907,1,1,moving,unknown,right,near,1,105.0,5.09,225 79 640 480
1782405001.153135,1,1,moving,unknown,center,near,1,114.8,9.57,209 76 631 479
1782405001.194331,1,1,moving,unknown,center,near,1,129.0,5.71,201 76 621 479
1782405001.236667,1,1,moving,unknown,center,near,1,142.9,5.79,192 75 616 478
1782405001.280960,1,1,moving,unknown,center,near,1,168.8,5.88,178 76 603 478
1782405001.322651,1,1,moving,unknown,center,near,1,188.5,5.76,168 75 591 477
1782405001.362931,1,1,moving,unknown,center,near,1,243.2,9.32,133 68 566 478
1782405001.407536,1,1,moving,unknown,center,near,1,274.5,5.14,127 67 557 478
1782405001.447379,1,1,moving,unknown,center,near,1,285.0,5.57,118 63 548 477
1782405001.486484,1,1,moving,unknown,center,near,1,324.9,9.39,91 61 519 478
1782405001.529555,1,1,moving,unknown,center,near,1,356.9,5.74,75 58 506 480
1782405001.568930,1,1,moving,unknown,center,near,1,367.0,6.17,65 58 499 480
1782405001.610293,1,1,moving,unknown,center,near,1,369.0,6.24,57 56 489 480
1782405001.651759,1,1,moving,unknown,center,near,1,337.0,6.18,46 53 478 479
1782405001.693217,1,1,moving,unknown,center,near,1,330.2,11.72,29 51 471 477
1782405001.731714,1,1,moving,unknown,center,near,1,324.4,6.65,18 49 468 479
1782405001.772844,1,1,moving,unknown,center,near,1,298.1,7.12,4 50 451 480
1782405001.818643,1,1,moving,unknown,center,near,1,270.5,7.76,1 51 440 480
1782405001.857229,1,1,moving,unknown,left,near,1,283.1,13.79,0 57 394 478
1782405001.899371,1,1,moving,unknown,left,near,1,287.2,7.67,0 58 377 479
1782405001.942629,1,1,moving,unknown,left,near,1,284.3,8.15,0 64 360 478
1782405001.980729,1,1,moving,unknown,left,near,1,271.5,9.29,0 67 352 477
1782405002.029615,1,1,moving,unknown,left,near,1,265.7,9.92,0 72 332 477
1782405002.071476,1,1,moving,unknown,left,near,1,266.5,19.21,0 78 297 479
1782405002.111588,1,1,moving,unknown,left,near,1,269.6,10.92,0 80 283 478
1782405002.150795,1,1,moving,unknown,left,near,1,245.0,9.98,0 80 267 478
1782405002.189403,1,1,moving,unknown,left,near,1,235.3,15.93,0 81 248 477
1782405002.231297,1,1,moving,unknown,left,near,1,223.4,7.46,0 80 239 478
1782405002.278317,1,1,moving,unknown,left,near,1,212.4,6.51,0 79 233 478
1782405002.315650,1,1,moving,unknown,left,near,1,198.7,5.70,0 79 226 477
1782405002.355819,1,1,moving,unknown,left,near,1,167.9,5.28,0 80 220 477
1782405002.395578,1,1,moving,unknown,left,near,1,148.3,8.54,0 83 210 476
1782405002.436787,1,1,still,unknown,left,near,0,128.4,4.72,0 86 205 476
1782405002.479817,1,1,still,unknown,left,near,0,106.9,4.24,0 90 199 477
1782405002.519682,1,1,still,unknown,left,near,0,94.2,3.99,0 93 194 477
1782405002.558869,1,1,moving,unknown,left,near,1,92.2,6.96,0 98 185 476
1782405002.598482,1,1,still,unknown,left,near,0,89.3,3.67,0 100 181 475
1782405002.640798,1,1,still,unknown,left,near,0,83.1,3.35,0 104 182 476
1782405002.684628,1,1,still,unknown,left,near,0,79.8,3.33,0 107 173 476
1782405002.737639,1,1,still,unknown,left,near,0,76.9,3.24,0 109 167 477
1782405002.775936,1,1,moving,unknown,left,near,1,77.0,5.81,0 112 161 479
1782405002.819012,1,1,still,unknown,left,near,0,73.4,3.37,0 113 158 478
1782405002.859159,1,1,moving,unknown,left,near,1,72.8,6.16,0 116 146 476
1782405002.901562,1,1,still,unknown,left,near,0,71.6,3.88,0 115 142 476
1782405002.943865,1,1,still,unknown,left,near,0,75.6,3.94,0 115 136 478
1782405002.982824,1,1,still,unknown,left,near,0,73.6,4.31,0 116 132 478
1782405003.023528,1,1,still,unknown,left,near,0,71.3,4.47,0 116 128 477
1782405003.062654,1,1,still,unknown,left,near,0,65.7,4.78,0 119 126 472
1782405003.106524,1,1,moving,unknown,left,near,1,73.7,10.20,0 120 114 453
1782405003.149434,1,1,moving,unknown,left,near,1,69.9,6.10,0 122 108 461
1782405003.194624,1,1,moving,unknown,left,near,1,68.0,6.72,0 125 104 474
1782405003.236721,1,1,moving,unknown,left,near,1,67.8,12.18,0 129 98 475
1782405003.278339,1,1,moving,unknown,left,near,1,68.0,5.98,0 126 92 475
1782405003.321881,1,1,still,unknown,left,near,0,67.8,4.96,0 126 88 473
1782405003.363485,1,1,moving,unknown,left,near,1,72.9,6.09,0 135 82 470
1782405003.402815,1,1,still,unknown,left,near,0,76.1,2.36,0 133 80 473
1782405003.440629,1,1,still,unknown,left,near,0,71.2,2.25,0 134 78 474
1782405003.480727,1,1,still,unknown,left,near,0,58.9,2.01,0 132 78 474
1782405003.523861,1,1,still,unknown,left,near,0,45.7,2.97,0 131 79 473
1782405003.564486,1,1,still,unknown,left,near,0,34.5,3.83,0 127 79 475
1782405003.604021,1,1,still,unknown,left,near,0,23.8,2.22,0 128 83 475
1782405003.641911,1,1,still,unknown,left,near,0,15.7,2.50,0 132 84 476
1782405003.682632,1,1,still,unknown,left,near,0,14.4,2.85,0 127 87 479
1782405003.729564,1,1,moving,unknown,left,near,1,21.1,6.79,0 133 93 480
1782405003.771795,1,1,still,unknown,left,near,0,27.4,4.50,0 134 97 479
1782405003.821042,1,1,still,unknown,left,near,0,34.6,4.89,0 138 100 480
1782405003.859349,1,1,still,unknown,left,near,0,40.3,4.94,0 137 102 479
1782405003.900690,1,1,moving,unknown,left,near,1,47.7,9.66,0 142 111 477
1782405003.947096,1,1,moving,unknown,left,near,1,54.7,6.41,0 144 120 477
1782405003.990839,1,1,moving,unknown,left,near,1,59.9,7.20,0 146 124 478
1782405004.040653,1,1,moving,unknown,left,near,1,60.3,12.52,0 148 129 478
1782405004.081743,1,1,moving,unknown,left,near,1,62.3,6.41,0 147 135 478
1782405004.121218,1,1,moving,unknown,left,near,1,67.5,6.08,0 147 143 478
1782405004.163585,1,1,moving,unknown,left,near,1,74.4,5.68,0 147 150 480
1782405004.205918,1,1,moving,unknown,left,near,1,78.0,9.21,0 148 161 476
1782405004.258713,1,1,still,unknown,left,near,0,78.8,4.91,0 149 169 476
1782405004.297554,1,1,moving,unknown,left,near,1,87.0,8.92,2 150 180 477
1782405004.335872,1,1,still,unknown,left,near,0,96.5,4.67,6 152 185 478
1782405004.379955,1,1,still,unknown,left,near,0,105.4,4.62,14 151 189 479
1782405004.421081,1,1,still,unknown,left,near,0,112.2,4.72,22 153 192 478
1782405004.465555,1,1,moving,unknown,left,near,1,124.2,9.70,36 154 196 479
1782405004.507580,1,1,moving,unknown,left,near,1,121.8,5.66,36 155 196 479
1782405004.549408,1,1,moving,unknown,left,near,1,119.7,5.87,41 156 196 479
1782405004.592550,1,1,moving,unknown,left,near,1,109.5,6.08,45 156 195 479
1782405004.633917,1,1,moving,unknown,left,near,1,97.5,6.22,46 158 196 480
1782405004.674789,1,1,moving,unknown,left,near,1,88.4,10.99,47 161 201 479
1782405004.713719,1,1,moving,unknown,left,near,1,88.0,5.22,48 163 216 479
1782405004.761730,1,1,still,unknown,left,near,0,79.7,4.91,48 166 225 478
1782405004.804761,1,1,moving,unknown,left,near,1,80.8,8.65,50 170 229 478
1782405004.852588,1,1,still,unknown,left,near,0,82.6,4.53,52 172 234 477
1782405004.892602,1,1,still,stand,left,near,0,90.1,4.44,56 174 240 478
1782405004.931062,1,1,still,stand,left,near,0,100.5,4.20,61 176 243 480
1782405004.969736,1,1,moving,stand,left,near,1,111.4,7.10,68 185 249 479
1782405005.013216,1,1,still,stand,left,near,0,108.8,3.85,69 186 254 480
1782405005.055556,1,1,still,stand,left,near,0,107.9,3.74,70 191 260 480
1782405005.100811,1,1,still,stand,left,mid,0,104.9,3.61,70 194 264 480
1782405005.146826,1,1,moving,unknown,left,mid,1,103.5,5.66,71 197 268 480
1782405005.188700,1,1,still,stand,left,mid,0,97.6,2.89,73 198 270 480
1782405005.233193,1,1,still,stand,left,mid,0,89.5,3.89,73 201 274 479
1782405005.276782,1,1,still,stand,left,mid,0,73.8,1.66,71 202 276 479
1782405005.318881,1,1,still,stand,left,mid,0,62.3,1.16,73 202 277 480
1782405005.364607,1,1,still,stand,left,mid,0,51.5,0.98,75 202 278 480
1782405005.403802,1,1,still,unknown,left,mid,0,40.5,1.97,74 200 276 480
1782405005.441377,1,1,still,unknown,left,mid,0,28.5,1.56,74 199 275 480
1782405005.481085,1,1,still,unknown,left,mid,0,20.0,1.65,75 197 276 480
1782405005.527438,1,1,still,unknown,left,mid,0,14.2,1.90,75 196 271 480
1782405005.567896,1,1,still,stand,left,mid,0,15.9,4.17,73 192 269 480
1782405005.606279,1,1,still,stand,left,near,0,23.8,2.99,73 188 264 480
1782405005.648095,1,1,still,unknown,left,near,0,36.8,3.32,72 185 259 479
1782405005.689677,1,1,still,unknown,left,near,0,44.1,3.75,74 183 253 479
1782405005.734411,1,1,still,unknown,left,near,0,50.7,4.13,75 179 248 479
1782405005.777726,1,1,moving,unknown,left,near,1,64.5,7.80,73 172 240 478
1782405005.816317,1,1,still,unknown,left,near,0,75.2,4.70,70 170 235 479
1782405005.853598,1,1,still,unknown,left,near,0,83.5,4.57,66 168 231 478
1782405005.896238,1,1,still,unknown,left,near,0,84.5,4.63,64 167 230 478
1782405005.937486,1,1,moving,unknown,left,near,1,83.6,8.25,58 163 231 479
1782405005.980800,1,1,moving,stand,left,near,1,83.5,5.08,59 162 225 479
1782405006.021653,1,1,still,unknown,left,near,0,89.2,4.94,49 161 222 480
1782405006.061812,1,1,still,unknown,left,near,0,88.1,4.93,44 159 221 479
1782405006.106411,1,1,moving,unknown,left,near,1,87.4,5.18,41 157 215 479
1782405006.148721,1,1,moving,unknown,left,near,1,103.2,10.67,38 155 190 479
1782405006.189627,1,1,moving,unknown,left,near,1,103.3,5.45,35 156 200 477
1782405006.230114,1,1,moving,unknown,left,near,1,106.8,5.12,27 156 197 478
1782405006.271790,1,1,moving,sit,left,near,1,101.2,8.92,27 154 202 477
1782405006.314357,1,1,still,sit,left,near,0,88.8,4.54,26 153 202 475
1782405006.356360,1,1,still,sit,left,near,0,80.1,4.26,22 152 201 475
1782405006.394597,1,1,still,unknown,left,near,0,79.5,3.99,11 151 200 475
1782405006.433521,1,1,still,unknown,left,near,0,60.3,4.01,8 151 198 476
1782405006.474075,1,1,still,unknown,left,near,0,61.9,3.95,3 148 196 478
1782405006.514342,1,1,moving,unknown,left,near,1,61.9,8.08,0 148 189 479
1782405006.557600,1,1,still,unknown,left,near,0,69.4,4.68,0 145 185 479
1782405006.601103,1,1,still,unknown,left,near,0,77.7,4.76,0 145 179 478
1782405006.645765,1,1,moving,unknown,left,near,1,80.7,8.60,0 144 176 479
1782405006.688663,1,1,still,unknown,left,near,0,74.7,4.99,0 143 172 479
1782405006.731001,1,1,moving,unknown,left,near,1,72.2,5.21,0 143 164 479
1782405006.775173,1,1,moving,unknown,left,near,1,69.5,5.40,0 142 159 479
1782405006.815763,1,1,moving,unknown,left,near,1,68.8,10.00,0 140 149 477
1782405006.857351,1,1,moving,unknown,left,near,1,70.3,5.25,0 140 143 477
1782405006.895657,1,1,still,unknown,left,near,0,66.4,4.47,0 139 142 479
1782405006.937653,1,1,still,unknown,left,near,0,73.3,3.97,0 136 130 479
1782405006.978552,1,1,moving,unknown,left,near,1,80.3,6.10,0 134 122 480
1782405007.020845,1,1,still,unknown,left,near,0,78.3,3.19,0 133 121 480
1782405007.059483,1,1,still,unknown,left,near,0,76.0,3.30,0 132 118 480
1782405007.107739,1,1,still,unknown,left,near,0,66.2,3.45,0 132 117 480
1782405007.151386,1,1,moving,unknown,left,near,1,57.4,5.77,0 130 115 479
1782405007.191595,1,1,still,unknown,left,near,0,52.4,3.18,0 131 115 480
1782405007.228710,1,1,still,unknown,left,near,0,39.7,3.06,0 132 114 480
1782405007.266298,1,1,still,unknown,left,near,0,28.8,3.22,0 131 112 479
1782405007.308965,1,1,moving,unknown,left,near,1,29.9,6.57,0 133 103 478
1782405007.347619,1,1,still,unknown,left,near,0,22.4,4.31,0 133 110 478
1782405007.385751,1,1,still,unknown,left,near,0,16.3,4.21,0 133 123 479
1782405007.425928,1,1,still,unknown,left,near,0,13.9,4.42,0 133 121 478
1782405007.463553,1,1,still,unknown,left,near,0,14.9,4.47,0 133 124 477
1782405007.502568,1,1,still,unknown,left,near,0,19.0,4.98,0 134 127 477
1782405007.547240,1,1,moving,unknown,left,near,1,28.1,5.25,0 134 133 477
1782405007.588088,1,1,moving,unknown,left,near,1,50.6,10.30,0 134 144 477
1782405007.626241,1,1,moving,unknown,left,near,1,60.1,6.29,0 131 149 477
1782405007.669631,1,1,moving,unknown,left,near,1,59.4,6.34,0 129 155 475
1782405007.711765,1,1,moving,unknown,left,near,1,73.0,10.68,0 122 165 467
1782405007.754406,1,1,moving,unknown,left,near,1,86.4,5.34,0 119 171 458
1782405007.796525,1,1,still,unknown,left,near,0,93.1,4.95,0 116 175 461
1782405007.836680,1,1,still,unknown,left,near,0,94.8,4.59,0 113 181 470
1782405007.878498,1,1,still,unknown,left,near,0,91.1,4.26,0 111 185 470
1782405007.921087,1,1,moving,unknown,left,near,1,96.6,6.20,0 108 202 474
1782405007.966764,1,1,still,unknown,left,near,0,93.8,3.20,0 106 204 476
1782405008.011106,1,1,still,unknown,left,near,0,98.6,3.11,0 105 226 474
1782405008.054590,1,1,moving,unknown,left,near,1,97.6,5.24,0 102 229 475
1782405008.093612,1,1,still,unknown,left,near,0,91.0,3.22,0 101 225 475
1782405008.133944,1,1,still,unknown,left,near,0,83.9,3.16,0 100 226 477
1782405008.180959,1,1,moving,unknown,left,near,1,81.3,5.65,0 99 232 476
1782405008.221139,1,1,still,unknown,left,near,0,70.0,3.35,0 98 237 476
1782405008.260726,1,1,still,unknown,left,near,0,68.2,3.35,0 98 242 476
1782405008.299817,1,1,still,unknown,left,near,0,54.4,3.51,0 95 248 476
1782405008.339733,1,1,still,unknown,left,near,0,51.9,4.22,0 91 255 475
1782405008.382423,1,1,moving,unknown,left,near,1,70.9,9.30,0 77 271 475
1782405008.424643,1,1,moving,unknown,left,near,1,83.7,5.40,0 74 275 475
1782405008.466168,1,1,moving,unknown,left,near,1,100.2,5.01,0 65 289 476
1782405008.508338,1,1,moving,unknown,left,near,1,122.9,8.98,0 57 309 475
1782405008.551627,1,1,moving,unknown,left,near,1,139.0,5.21,0 49 318 476
1782405008.594236,1,1,moving,unknown,left,near,1,149.9,5.06,0 43 327 476
1782405008.636574,1,1,still,unknown,left,near,0,165.1,4.93,0 39 348 475
1782405008.676214,1,1,still,unknown,left,near,0,161.6,4.99,0 36 353 474
1782405008.723311,1,1,moving,unknown,left,near,1,176.2,8.92,0 28 379 475
1782405008.769620,1,1,moving,unknown,left,near,1,184.9,5.87,0 26 400 477
1782405008.812207,1,1,moving,unknown,center,near,1,192.5,7.21,0 24 427 478
1782405008.852535,1,1,moving,unknown,center,near,1,230.7,11.43,0 18 478 478
1782405008.893652,1,1,moving,unknown,center,near,1,292.0,9.61,0 17 537 478
1782405008.933735,1,1,moving,unknown,center,near,1,349.1,9.90,0 15 589 480
1782405008.975253,1,1,moving,unknown,center,near,1,385.4,8.81,0 13 605 480
1782405009.016342,1,1,moving,unknown,center,near,1,414.0,7.61,3 14 636 480
1782405009.061113,1,1,moving,unknown,center,near,1,442.5,13.89,35 8 640 480
1782405009.104744,1,1,moving,unknown,center,near,1,446.0,7.63,49 5 640 477
1782405009.142817,1,1,moving,unknown,center,near,1,419.2,7.96,65 3 640 477
1782405009.186700,1,1,moving,unknown,center,near,1,371.5,15.55,86 1 640 475
1782405009.227800,1,1,moving,unknown,center,near,1,311.3,8.57,95 0 640 475
1782405009.273750,1,1,moving,unknown,center,near,1,271.7,7.99,102 1 640 475
1782405009.318529,1,1,moving,unknown,center,near,1,226.4,7.02,107 1 640 476
1782405009.358725,1,1,moving,unknown,center,near,1,173.1,11.06,106 2 639 476
1782405009.404471,1,1,still,unknown,center,near,0,134.4,4.55,107 3 640 476
1782405009.446409,1,1,still,unknown,center,near,0,100.8,3.53,106 4 640 476
1782405009.487571,1,1,still,unknown,center,near,0,64.8,4.80,103 4 640 475
1782405009.527305,1,1,still,unknown,center,near,0,35.9,2.12,98 2 640 476
1782405009.569607,1,1,still,unknown,center,near,0,26.6,1.59,93 2 640 476
1782405009.610774,1,1,still,unknown,center,near,0,32.6,1.43,84 2 640 476
1782405009.651436,1,1,still,unknown,center,near,0,40.4,2.38,77 1 640 476
1782405009.691836,1,1,still,unknown,center,near,0,48.6,1.50,74 1 640 476
1782405009.728692,1,1,still,unknown,center,near,0,52.7,1.56,74 1 640 476
1782405009.769386,1,1,still,unknown,center,near,0,53.3,1.66,73 2 640 476
1782405009.809662,1,1,still,unknown,center,near,0,49.5,1.62,72 2 640 476
1782405009.851417,1,1,still,unknown,center,near,0,44.5,2.84,71 2 640 476
1782405009.891631,1,1,still,unknown,center,near,0,34.3,1.14,71 2 640 476
1782405009.934295,1,1,still,unknown,center,near,0,23.5,1.17,70 2 640 477
1782405009.971942,1,1,still,unknown,center,near,0,14.5,1.22,71 2 640 476
1782405010.010105,1,1,still,unknown,center,near,0,10.2,1.70,71 1 640 477
1782405010.054581,1,1,still,unknown,center,near,0,6.9,1.33,71 2 640 477
1782405010.094683,1,1,still,unknown,center,near,0,5.9,1.23,70 3 640 476
